Entity,Code,Year,Inequality in income
Algeria,DZA,2010,
Algeria,DZA,2011,
Algeria,DZA,2012,
Algeria,DZA,2013,11.36
Algeria,DZA,2014,11.36
Algeria,DZA,2015,11.36
Algeria,DZA,2016,11.36
Algeria,DZA,2017,11.36
Algeria,DZA,2018,11.36
Algeria,DZA,2019,11.51
Algeria,DZA,2020,11.51
Algeria,DZA,2021,11.51
Egypt,EGY,2010,
Egypt,EGY,2011,
Egypt,EGY,2012,36.5
Egypt,EGY,2013,36.5
Egypt,EGY,2014,36.5
Egypt,EGY,2015,36.5
Egypt,EGY,2016,36.5
Egypt,EGY,2017,36.5
Egypt,EGY,2018,36.5
Egypt,EGY,2019,36.5
Egypt,EGY,2020,36.5
Egypt,EGY,2021,36.5
Libya,LBY,2010,
Libya,LBY,2011,
Libya,LBY,2012,
Libya,LBY,2013,
Libya,LBY,2014,
Libya,LBY,2015,
Libya,LBY,2016,
Libya,LBY,2017,
Libya,LBY,2018,
Libya,LBY,2019,
Libya,LBY,2020,
Libya,LBY,2021,
Morocco,MAR,2010,23
Morocco,MAR,2011,
Morocco,MAR,2012,
Morocco,MAR,2013,
Morocco,MAR,2014,
Morocco,MAR,2015,
Morocco,MAR,2016,
Morocco,MAR,2017,22.5
Morocco,MAR,2018,22.5
Morocco,MAR,2019,22.5
Morocco,MAR,2020,22.5
Morocco,MAR,2021,22.5
Sudan,SDN,2010,21.21
Sudan,SDN,2011,21.21
Sudan,SDN,2012,21.21
Sudan,SDN,2013,21.21
Sudan,SDN,2014,33
Sudan,SDN,2015,33
Sudan,SDN,2016,33
Sudan,SDN,2017,33
Sudan,SDN,2018,33
Sudan,SDN,2019,33
Sudan,SDN,2020,33
Sudan,SDN,2021,33
Tunisia,TUN,2010,
Tunisia,TUN,2011,
Tunisia,TUN,2012,18.85
Tunisia,TUN,2013,18.85
Tunisia,TUN,2014,18.85
Tunisia,TUN,2015,18.85
Tunisia,TUN,2016,18.85
Tunisia,TUN,2017,18.85
Tunisia,TUN,2018,16.89
Tunisia,TUN,2019,16.89
Tunisia,TUN,2020,16.89
Tunisia,TUN,2021,16.89
Western Sahara,ESH,2010,
Western Sahara,ESH,2011,
Western Sahara,ESH,2012,
Western Sahara,ESH,2013,
Western Sahara,ESH,2014,
Western Sahara,ESH,2015,
Western Sahara,ESH,2016,
Western Sahara,ESH,2017,
Western Sahara,ESH,2018,
Western Sahara,ESH,2019,
Western Sahara,ESH,2020,
Western Sahara,ESH,2021,
British Indian Ocean Territory,IOT,2010,
British Indian Ocean Territory,IOT,2011,
British Indian Ocean Territory,IOT,2012,
British Indian Ocean Territory,IOT,2013,
British Indian Ocean Territory,IOT,2014,
British Indian Ocean Territory,IOT,2015,
British Indian Ocean Territory,IOT,2016,
British Indian Ocean Territory,IOT,2017,
British Indian Ocean Territory,IOT,2018,
British Indian Ocean Territory,IOT,2019,
British Indian Ocean Territory,IOT,2020,
British Indian Ocean Territory,IOT,2021,
Burundi,BDI,2010,13.24
Burundi,BDI,2011,13.24
Burundi,BDI,2012,14.14
Burundi,BDI,2013,14.14
Burundi,BDI,2014,14.14
Burundi,BDI,2015,14.14
Burundi,BDI,2016,14.14
Burundi,BDI,2017,20.93
Burundi,BDI,2018,20.93
Burundi,BDI,2019,20.93
Burundi,BDI,2020,20.93
Burundi,BDI,2021,20.93
Comoros,COM,2010,
Comoros,COM,2011,
Comoros,COM,2012,56.01
Comoros,COM,2013,56.01
Comoros,COM,2014,56.01
Comoros,COM,2015,56.01
Comoros,COM,2016,56.01
Comoros,COM,2017,56.01
Comoros,COM,2018,56.01
Comoros,COM,2019,56.01
Comoros,COM,2020,56.01
Comoros,COM,2021,56.01
Djibouti,DJI,2010,21.71
Djibouti,DJI,2011,21.71
Djibouti,DJI,2012,30.03
Djibouti,DJI,2013,27.74
Djibouti,DJI,2014,27.74
Djibouti,DJI,2015,27.74
Djibouti,DJI,2016,27.74
Djibouti,DJI,2017,27.74
Djibouti,DJI,2018,27.74
Djibouti,DJI,2019,27.74
Djibouti,DJI,2020,27.74
Djibouti,DJI,2021,27.74
Eritrea,ERI,2010,
Eritrea,ERI,2011,
Eritrea,ERI,2012,
Eritrea,ERI,2013,
Eritrea,ERI,2014,
Eritrea,ERI,2015,
Eritrea,ERI,2016,
Eritrea,ERI,2017,
Eritrea,ERI,2018,
Eritrea,ERI,2019,
Eritrea,ERI,2020,
Eritrea,ERI,2021,
Ethiopia,ETH,2010,9.06
Ethiopia,ETH,2011,9.5
Ethiopia,ETH,2012,9.5
Ethiopia,ETH,2013,9.5
Ethiopia,ETH,2014,9.5
Ethiopia,ETH,2015,9.5
Ethiopia,ETH,2016,13.35
Ethiopia,ETH,2017,13.35
Ethiopia,ETH,2018,13.35
Ethiopia,ETH,2019,12.08
Ethiopia,ETH,2020,12.08
Ethiopia,ETH,2021,12.08
French Southern Territories,ATF,2010,
French Southern Territories,ATF,2011,
French Southern Territories,ATF,2012,
French Southern Territories,ATF,2013,
French Southern Territories,ATF,2014,
French Southern Territories,ATF,2015,
French Southern Territories,ATF,2016,
French Southern Territories,ATF,2017,
French Southern Territories,ATF,2018,
French Southern Territories,ATF,2019,
French Southern Territories,ATF,2020,
French Southern Territories,ATF,2021,
Kenya,KEN,2010,35.97
Kenya,KEN,2011,35.97
Kenya,KEN,2012,35.97
Kenya,KEN,2013,35.97
Kenya,KEN,2014,33.15
Kenya,KEN,2015,33.15
Kenya,KEN,2016,33.15
Kenya,KEN,2017,33.15
Kenya,KEN,2018,33.15
Kenya,KEN,2019,33.15
Kenya,KEN,2020,33.15
Kenya,KEN,2021,33.15
Madagascar,MDG,2010,36.08
Madagascar,MDG,2011,36.08
Madagascar,MDG,2012,36.08
Madagascar,MDG,2013,20.44
Madagascar,MDG,2014,20.44
Madagascar,MDG,2015,20.44
Madagascar,MDG,2016,20.44
Madagascar,MDG,2017,20.44
Madagascar,MDG,2018,27.56
Madagascar,MDG,2019,27.56
Madagascar,MDG,2020,27.56
Madagascar,MDG,2021,27.56
Malawi,MWI,2010,23.11
Malawi,MWI,2011,23.11
Malawi,MWI,2012,27.68
Malawi,MWI,2013,27.68
Malawi,MWI,2014,32.5
Malawi,MWI,2015,32.5
Malawi,MWI,2016,32.4
Malawi,MWI,2017,32.4
Malawi,MWI,2018,32.4
Malawi,MWI,2019,32.4
Malawi,MWI,2020,31.28
Malawi,MWI,2021,31.28
Mauritius,MUS,2010,
Mauritius,MUS,2011,
Mauritius,MUS,2012,18.18
Mauritius,MUS,2013,18.18
Mauritius,MUS,2014,18.18
Mauritius,MUS,2015,18.18
Mauritius,MUS,2016,18.18
Mauritius,MUS,2017,18.18
Mauritius,MUS,2018,18.18
Mauritius,MUS,2019,18.18
Mauritius,MUS,2020,18.18
Mauritius,MUS,2021,18.18
Mayotte,MYT,2010,
Mayotte,MYT,2011,
Mayotte,MYT,2012,
Mayotte,MYT,2013,
Mayotte,MYT,2014,
Mayotte,MYT,2015,
Mayotte,MYT,2016,
Mayotte,MYT,2017,
Mayotte,MYT,2018,
Mayotte,MYT,2019,
Mayotte,MYT,2020,
Mayotte,MYT,2021,
Mozambique,MOZ,2010,37.02
Mozambique,MOZ,2011,28.39
Mozambique,MOZ,2012,28.39
Mozambique,MOZ,2013,28.39
Mozambique,MOZ,2014,28.39
Mozambique,MOZ,2015,28.39
Mozambique,MOZ,2016,28.39
Mozambique,MOZ,2017,28.39
Mozambique,MOZ,2018,28.39
Mozambique,MOZ,2019,28.39
Mozambique,MOZ,2020,28.39
Mozambique,MOZ,2021,28.39
Réunion,REU,2010,
Réunion,REU,2011,
Réunion,REU,2012,
Réunion,REU,2013,
Réunion,REU,2014,
Réunion,REU,2015,
Réunion,REU,2016,
Réunion,REU,2017,
Réunion,REU,2018,
Réunion,REU,2019,
Réunion,REU,2020,
Réunion,REU,2021,
Rwanda,RWA,2010,30.24
Rwanda,RWA,2011,30.24
Rwanda,RWA,2012,30.24
Rwanda,RWA,2013,35.17
Rwanda,RWA,2014,35.17
Rwanda,RWA,2015,36.39
Rwanda,RWA,2016,36.39
Rwanda,RWA,2017,36.39
Rwanda,RWA,2018,36.39
Rwanda,RWA,2019,36.39
Rwanda,RWA,2020,27.19
Rwanda,RWA,2021,27.19
Seychelles,SYC,2010,
Seychelles,SYC,2011,
Seychelles,SYC,2012,
Seychelles,SYC,2013,29.35
Seychelles,SYC,2014,29.35
Seychelles,SYC,2015,29.35
Seychelles,SYC,2016,29.35
Seychelles,SYC,2017,29.35
Seychelles,SYC,2018,29.35
Seychelles,SYC,2019,29.35
Seychelles,SYC,2020,29.35
Seychelles,SYC,2021,29.35
Somalia,SOM,2010,
Somalia,SOM,2011,
Somalia,SOM,2012,
Somalia,SOM,2013,
Somalia,SOM,2014,
Somalia,SOM,2015,
Somalia,SOM,2016,24.35
Somalia,SOM,2017,24.35
Somalia,SOM,2018,24.35
Somalia,SOM,2019,24.35
Somalia,SOM,2020,24.35
Somalia,SOM,2021,24.35
South Sudan,SSD,2010,32.25
South Sudan,SSD,2011,32.25
South Sudan,SSD,2012,32.25
South Sudan,SSD,2013,32.25
South Sudan,SSD,2014,32.25
South Sudan,SSD,2015,32.25
South Sudan,SSD,2016,32.25
South Sudan,SSD,2017,32.25
South Sudan,SSD,2018,32.25
South Sudan,SSD,2019,32.25
South Sudan,SSD,2020,32.25
South Sudan,SSD,2021,32.25
Uganda,UGA,2010,
Uganda,UGA,2011,
Uganda,UGA,2012,23.29
Uganda,UGA,2013,23.29
Uganda,UGA,2014,23.29
Uganda,UGA,2015,23.29
Uganda,UGA,2016,23.29
Uganda,UGA,2017,24.94
Uganda,UGA,2018,24.94
Uganda,UGA,2019,24.94
Uganda,UGA,2020,24.94
Uganda,UGA,2021,24.94
United Republic of Tanzania,TZA,2010,20.88
United Republic of Tanzania,TZA,2011,20.88
United Republic of Tanzania,TZA,2012,22.73
United Republic of Tanzania,TZA,2013,22.73
United Republic of Tanzania,TZA,2014,22.73
United Republic of Tanzania,TZA,2015,22.73
United Republic of Tanzania,TZA,2016,22.4
United Republic of Tanzania,TZA,2017,22.4
United Republic of Tanzania,TZA,2018,22.4
United Republic of Tanzania,TZA,2019,22.4
United Republic of Tanzania,TZA,2020,22.4
United Republic of Tanzania,TZA,2021,22.4
Zambia,ZMB,2010,42.63
Zambia,ZMB,2011,42.63
Zambia,ZMB,2012,42.63
Zambia,ZMB,2013,42.63
Zambia,ZMB,2014,48.56
Zambia,ZMB,2015,48.56
Zambia,ZMB,2016,48.56
Zambia,ZMB,2017,48.56
Zambia,ZMB,2018,44.84
Zambia,ZMB,2019,44.84
Zambia,ZMB,2020,44.84
Zambia,ZMB,2021,44.84
Zimbabwe,ZWE,2010,34.48
Zimbabwe,ZWE,2011,35.78
Zimbabwe,ZWE,2012,35.78
Zimbabwe,ZWE,2013,35.78
Zimbabwe,ZWE,2014,35.78
Zimbabwe,ZWE,2015,27.02
Zimbabwe,ZWE,2016,27.02
Zimbabwe,ZWE,2017,27.02
Zimbabwe,ZWE,2018,27.02
Zimbabwe,ZWE,2019,28.77
Zimbabwe,ZWE,2020,28.77
Zimbabwe,ZWE,2021,28.77
Angola,AGO,2010,24.45
Angola,AGO,2011,28.95
Angola,AGO,2012,28.95
Angola,AGO,2013,28.95
Angola,AGO,2014,28.95
Angola,AGO,2015,28.95
Angola,AGO,2016,28.88
Angola,AGO,2017,28.88
Angola,AGO,2018,28.88
Angola,AGO,2019,28.88
Angola,AGO,2020,28.88
Angola,AGO,2021,28.88
Cameroon,CMR,2010,
Cameroon,CMR,2011,23.12
Cameroon,CMR,2012,23.12
Cameroon,CMR,2013,23.1
Cameroon,CMR,2014,35.86
Cameroon,CMR,2015,35.86
Cameroon,CMR,2016,35.86
Cameroon,CMR,2017,35.86
Cameroon,CMR,2018,34.99
Cameroon,CMR,2019,34.99
Cameroon,CMR,2020,34.99
Cameroon,CMR,2021,34.99
Central African Republic,CAF,2010,49.19
Central African Republic,CAF,2011,49.19
Central African Republic,CAF,2012,49.19
Central African Republic,CAF,2013,49.19
Central African Republic,CAF,2014,49.19
Central African Republic,CAF,2015,49.19
Central African Republic,CAF,2016,49.19
Central African Republic,CAF,2017,49.19
Central African Republic,CAF,2018,49.19
Central African Republic,CAF,2019,49.19
Central African Republic,CAF,2020,49.19
Central African Republic,CAF,2021,49.19
Chad,TCD,2010,30.73
Chad,TCD,2011,30.73
Chad,TCD,2012,30.73
Chad,TCD,2013,30.73
Chad,TCD,2014,30.73
Chad,TCD,2015,28.4
Chad,TCD,2016,28.4
Chad,TCD,2017,28.4
Chad,TCD,2018,28.4
Chad,TCD,2019,26.5
Chad,TCD,2020,26.5
Chad,TCD,2021,26.5
Congo,COG,2010,27.44
Congo,COG,2011,27.44
Congo,COG,2012,30.69
Congo,COG,2013,30.69
Congo,COG,2014,31
Congo,COG,2015,31
Congo,COG,2016,31
Congo,COG,2017,31
Congo,COG,2018,31
Congo,COG,2019,31
Congo,COG,2020,31
Congo,COG,2021,31
Democratic Republic of the Congo,COD,2010,31.15
Democratic Republic of the Congo,COD,2011,31.15
Democratic Republic of the Congo,COD,2012,31.15
Democratic Republic of the Congo,COD,2013,31.15
Democratic Republic of the Congo,COD,2014,28.21
Democratic Republic of the Congo,COD,2015,28.21
Democratic Republic of the Congo,COD,2016,28.21
Democratic Republic of the Congo,COD,2017,27.63
Democratic Republic of the Congo,COD,2018,27.63
Democratic Republic of the Congo,COD,2019,27.63
Democratic Republic of the Congo,COD,2020,27.63
Democratic Republic of the Congo,COD,2021,27.63
Equatorial Guinea,GNQ,2010,
Equatorial Guinea,GNQ,2011,
Equatorial Guinea,GNQ,2012,
Equatorial Guinea,GNQ,2013,
Equatorial Guinea,GNQ,2014,
Equatorial Guinea,GNQ,2015,
Equatorial Guinea,GNQ,2016,
Equatorial Guinea,GNQ,2017,
Equatorial Guinea,GNQ,2018,
Equatorial Guinea,GNQ,2019,
Equatorial Guinea,GNQ,2020,
Equatorial Guinea,GNQ,2021,
Gabon,GAB,2010,
Gabon,GAB,2011,
Gabon,GAB,2012,20.41
Gabon,GAB,2013,20.41
Gabon,GAB,2014,20.41
Gabon,GAB,2015,20.41
Gabon,GAB,2016,20.41
Gabon,GAB,2017,21.21
Gabon,GAB,2018,21.21
Gabon,GAB,2019,21.21
Gabon,GAB,2020,21.21
Gabon,GAB,2021,21.21
Sao Tome and Principe,STP,2010,
Sao Tome and Principe,STP,2011,
Sao Tome and Principe,STP,2012,
Sao Tome and Principe,STP,2013,
Sao Tome and Principe,STP,2014,14.89
Sao Tome and Principe,STP,2015,14.89
Sao Tome and Principe,STP,2016,14.89
Sao Tome and Principe,STP,2017,14.89
Sao Tome and Principe,STP,2018,14.89
Sao Tome and Principe,STP,2019,26.21
Sao Tome and Principe,STP,2020,26.21
Sao Tome and Principe,STP,2021,26.21
Botswana,BWA,2010,55.51
Botswana,BWA,2011,55.51
Botswana,BWA,2012,55.51
Botswana,BWA,2013,55.51
Botswana,BWA,2014,55.51
Botswana,BWA,2015,
Botswana,BWA,2016,
Botswana,BWA,2017,
Botswana,BWA,2018,
Botswana,BWA,2019,
Botswana,BWA,2020,
Botswana,BWA,2021,
Eswatini,SWZ,2010,37.56
Eswatini,SWZ,2011,37.56
Eswatini,SWZ,2012,37.56
Eswatini,SWZ,2013,37.56
Eswatini,SWZ,2014,37.9
Eswatini,SWZ,2015,37.9
Eswatini,SWZ,2016,37.9
Eswatini,SWZ,2017,37.9
Eswatini,SWZ,2018,37.9
Eswatini,SWZ,2019,37.9
Eswatini,SWZ,2020,37.9
Eswatini,SWZ,2021,37.9
Lesotho,LSO,2010,47.04
Lesotho,LSO,2011,47.04
Lesotho,LSO,2012,47.04
Lesotho,LSO,2013,47.04
Lesotho,LSO,2014,41.1
Lesotho,LSO,2015,41.1
Lesotho,LSO,2016,41.1
Lesotho,LSO,2017,41.1
Lesotho,LSO,2018,29.58
Lesotho,LSO,2019,29.58
Lesotho,LSO,2020,29.58
Lesotho,LSO,2021,29.58
Namibia,NAM,2010,68.34
Namibia,NAM,2011,68.34
Namibia,NAM,2012,68.34
Namibia,NAM,2013,53.59
Namibia,NAM,2014,53.59
Namibia,NAM,2015,53.59
Namibia,NAM,2016,53.59
Namibia,NAM,2017,53.59
Namibia,NAM,2018,53.59
Namibia,NAM,2019,53.59
Namibia,NAM,2020,53.59
Namibia,NAM,2021,53.59
South Africa,ZAF,2010,57.27
South Africa,ZAF,2011,57.27
South Africa,ZAF,2012,54.7
South Africa,ZAF,2013,54.7
South Africa,ZAF,2014,54.7
South Africa,ZAF,2015,56.12
South Africa,ZAF,2016,56.12
South Africa,ZAF,2017,57
South Africa,ZAF,2018,57
South Africa,ZAF,2019,57
South Africa,ZAF,2020,57
South Africa,ZAF,2021,57
Benin,BEN,2010,23.61
Benin,BEN,2011,29.39
Benin,BEN,2012,29.39
Benin,BEN,2013,29.39
Benin,BEN,2014,30.29
Benin,BEN,2015,30.29
Benin,BEN,2016,30.29
Benin,BEN,2017,31.97
Benin,BEN,2018,31.97
Benin,BEN,2019,31.97
Benin,BEN,2020,31.97
Benin,BEN,2021,31.97
Burkina Faso,BFA,2010,24.19
Burkina Faso,BFA,2011,24.19
Burkina Faso,BFA,2012,24.19
Burkina Faso,BFA,2013,24.19
Burkina Faso,BFA,2014,17.31
Burkina Faso,BFA,2015,17.31
Burkina Faso,BFA,2016,17.31
Burkina Faso,BFA,2017,17.31
Burkina Faso,BFA,2018,17.31
Burkina Faso,BFA,2019,17.31
Burkina Faso,BFA,2020,17.31
Burkina Faso,BFA,2021,17.31
Cabo Verde,CPV,2010,28.04
Cabo Verde,CPV,2011,28.04
Cabo Verde,CPV,2012,28.04
Cabo Verde,CPV,2013,
Cabo Verde,CPV,2014,
Cabo Verde,CPV,2015,
Cabo Verde,CPV,2016,
Cabo Verde,CPV,2017,
Cabo Verde,CPV,2018,
Cabo Verde,CPV,2019,
Cabo Verde,CPV,2020,
Cabo Verde,CPV,2021,
Côte d’Ivoire,CIV,2010,34.39
Côte d’Ivoire,CIV,2011,34.39
Côte d’Ivoire,CIV,2012,27.39
Côte d’Ivoire,CIV,2013,27.39
Côte d’Ivoire,CIV,2014,27.39
Côte d’Ivoire,CIV,2015,27.39
Côte d’Ivoire,CIV,2016,27.04
Côte d’Ivoire,CIV,2017,27.04
Côte d’Ivoire,CIV,2018,27.04
Côte d’Ivoire,CIV,2019,27.04
Côte d’Ivoire,CIV,2020,27.04
Côte d’Ivoire,CIV,2021,27.04
Gambia,GMB,2010,26.93
Gambia,GMB,2011,26.93
Gambia,GMB,2012,26.93
Gambia,GMB,2013,27.08
Gambia,GMB,2014,27.08
Gambia,GMB,2015,27.08
Gambia,GMB,2016,27.08
Gambia,GMB,2017,27.08
Gambia,GMB,2018,17.47
Gambia,GMB,2019,17.47
Gambia,GMB,2020,17.47
Gambia,GMB,2021,17.47
Ghana,GHA,2010,27.22
Ghana,GHA,2011,22.41
Ghana,GHA,2012,22.41
Ghana,GHA,2013,22.41
Ghana,GHA,2014,25.31
Ghana,GHA,2015,25.31
Ghana,GHA,2016,25.31
Ghana,GHA,2017,24.14
Ghana,GHA,2018,24.14
Ghana,GHA,2019,24.14
Ghana,GHA,2020,24.14
Ghana,GHA,2021,24.14
Guinea,GIN,2010,
Guinea,GIN,2011,
Guinea,GIN,2012,17.06
Guinea,GIN,2013,17.06
Guinea,GIN,2014,17.06
Guinea,GIN,2015,17.06
Guinea,GIN,2016,17.06
Guinea,GIN,2017,17.06
Guinea,GIN,2018,17.84
Guinea,GIN,2019,17.84
Guinea,GIN,2020,17.84
Guinea,GIN,2021,17.84
Guinea-Bissau,GNB,2010,32.5
Guinea-Bissau,GNB,2011,32.5
Guinea-Bissau,GNB,2012,32.5
Guinea-Bissau,GNB,2013,32.5
Guinea-Bissau,GNB,2014,32.5
Guinea-Bissau,GNB,2015,32.5
Guinea-Bissau,GNB,2016,37.9
Guinea-Bissau,GNB,2017,37.9
Guinea-Bissau,GNB,2018,37.9
Guinea-Bissau,GNB,2019,37.9
Guinea-Bissau,GNB,2020,37.9
Guinea-Bissau,GNB,2021,37.9
Liberia,LBR,2010,19
Liberia,LBR,2011,19
Liberia,LBR,2012,19
Liberia,LBR,2013,22.72
Liberia,LBR,2014,22.72
Liberia,LBR,2015,22.72
Liberia,LBR,2016,22.72
Liberia,LBR,2017,22.72
Liberia,LBR,2018,22.72
Liberia,LBR,2019,22.72
Liberia,LBR,2020,19.75
Liberia,LBR,2021,19.75
Mali,MLI,2010,
Mali,MLI,2011,
Mali,MLI,2012,
Mali,MLI,2013,16.1
Mali,MLI,2014,16.1
Mali,MLI,2015,15.36
Mali,MLI,2016,15.36
Mali,MLI,2017,15.36
Mali,MLI,2018,16.56
Mali,MLI,2019,16.56
Mali,MLI,2020,16.56
Mali,MLI,2021,16.56
Mauritania,MRT,2010,23.78
Mauritania,MRT,2011,24.61
Mauritania,MRT,2012,24.61
Mauritania,MRT,2013,24.61
Mauritania,MRT,2014,24.61
Mauritania,MRT,2015,24.61
Mauritania,MRT,2016,24.61
Mauritania,MRT,2017,
Mauritania,MRT,2018,
Mauritania,MRT,2019,
Mauritania,MRT,2020,17.34
Mauritania,MRT,2021,17.34
Niger,NER,2010,21.1
Niger,NER,2011,14.05
Niger,NER,2012,14.05
Niger,NER,2013,14.05
Niger,NER,2014,16.43
Niger,NER,2015,16.43
Niger,NER,2016,16.43
Niger,NER,2017,16.43
Niger,NER,2018,16.43
Niger,NER,2019,16.43
Niger,NER,2020,16.43
Niger,NER,2021,16.43
Nigeria,NGA,2010,34.49
Nigeria,NGA,2011,25.24
Nigeria,NGA,2012,25.24
Nigeria,NGA,2013,28.39
Nigeria,NGA,2014,28.39
Nigeria,NGA,2015,28.5
Nigeria,NGA,2016,28.5
Nigeria,NGA,2017,28.16
Nigeria,NGA,2018,28.05
Nigeria,NGA,2019,28.05
Nigeria,NGA,2020,28.05
Nigeria,NGA,2021,28.05
Saint Helena,SHN,2010,
Saint Helena,SHN,2011,
Saint Helena,SHN,2012,
Saint Helena,SHN,2013,
Saint Helena,SHN,2014,
Saint Helena,SHN,2015,
Saint Helena,SHN,2016,
Saint Helena,SHN,2017,
Saint Helena,SHN,2018,
Saint Helena,SHN,2019,
Saint Helena,SHN,2020,
Saint Helena,SHN,2021,
Senegal,SEN,2010,26.38
Senegal,SEN,2011,26.38
Senegal,SEN,2012,26.38
Senegal,SEN,2013,26.38
Senegal,SEN,2014,26.38
Senegal,SEN,2015,26.38
Senegal,SEN,2016,26.38
Senegal,SEN,2017,26.38
Senegal,SEN,2018,23.38
Senegal,SEN,2019,23.38
Senegal,SEN,2020,23.38
Senegal,SEN,2021,23.38
Sierra Leone,SLE,2010,17.69
Sierra Leone,SLE,2011,17.69
Sierra Leone,SLE,2012,17.69
Sierra Leone,SLE,2013,19.22
Sierra Leone,SLE,2014,19.22
Sierra Leone,SLE,2015,19.22
Sierra Leone,SLE,2016,19.22
Sierra Leone,SLE,2017,17.74
Sierra Leone,SLE,2018,17.74
Sierra Leone,SLE,2019,19.86
Sierra Leone,SLE,2020,19.86
Sierra Leone,SLE,2021,19.86
Togo,TGO,2010,23.52
Togo,TGO,2011,23.52
Togo,TGO,2012,23.52
Togo,TGO,2013,23.52
Togo,TGO,2014,25.11
Togo,TGO,2015,25.11
Togo,TGO,2016,25.11
Togo,TGO,2017,26.85
Togo,TGO,2018,26.85
Togo,TGO,2019,26.85
Togo,TGO,2020,26.85
Togo,TGO,2021,26.85
Anguilla,AIA,2010,
Anguilla,AIA,2011,
Anguilla,AIA,2012,
Anguilla,AIA,2013,
Anguilla,AIA,2014,
Anguilla,AIA,2015,
Anguilla,AIA,2016,
Anguilla,AIA,2017,
Anguilla,AIA,2018,
Anguilla,AIA,2019,
Anguilla,AIA,2020,
Anguilla,AIA,2021,
Antigua and Barbuda,ATG,2010,
Antigua and Barbuda,ATG,2011,
Antigua and Barbuda,ATG,2012,
Antigua and Barbuda,ATG,2013,
Antigua and Barbuda,ATG,2014,
Antigua and Barbuda,ATG,2015,
Antigua and Barbuda,ATG,2016,
Antigua and Barbuda,ATG,2017,
Antigua and Barbuda,ATG,2018,
Antigua and Barbuda,ATG,2019,
Antigua and Barbuda,ATG,2020,
Antigua and Barbuda,ATG,2021,
Aruba,ABW,2010,
Aruba,ABW,2011,
Aruba,ABW,2012,
Aruba,ABW,2013,
Aruba,ABW,2014,
Aruba,ABW,2015,
Aruba,ABW,2016,
Aruba,ABW,2017,
Aruba,ABW,2018,
Aruba,ABW,2019,
Aruba,ABW,2020,
Aruba,ABW,2021,
Bahamas,BHS,2010,
Bahamas,BHS,2011,
Bahamas,BHS,2012,
Bahamas,BHS,2013,
Bahamas,BHS,2014,
Bahamas,BHS,2015,
Bahamas,BHS,2016,
Bahamas,BHS,2017,
Bahamas,BHS,2018,
Bahamas,BHS,2019,
Bahamas,BHS,2020,
Bahamas,BHS,2021,
Barbados,BRB,2010,33.59
Barbados,BRB,2011,33.59
Barbados,BRB,2012,33.59
Barbados,BRB,2013,33.59
Barbados,BRB,2014,33.59
Barbados,BRB,2015,33.59
Barbados,BRB,2016,33.59
Barbados,BRB,2017,33.59
Barbados,BRB,2018,33.59
Barbados,BRB,2019,33.59
Barbados,BRB,2020,33.59
Barbados,BRB,2021,33.59
Bonaire Sint Eustatius and Saba,BES,2010,
Bonaire Sint Eustatius and Saba,BES,2011,
Bonaire Sint Eustatius and Saba,BES,2012,
Bonaire Sint Eustatius and Saba,BES,2013,
Bonaire Sint Eustatius and Saba,BES,2014,
Bonaire Sint Eustatius and Saba,BES,2015,
Bonaire Sint Eustatius and Saba,BES,2016,
Bonaire Sint Eustatius and Saba,BES,2017,
Bonaire Sint Eustatius and Saba,BES,2018,
Bonaire Sint Eustatius and Saba,BES,2019,
Bonaire Sint Eustatius and Saba,BES,2020,
Bonaire Sint Eustatius and Saba,BES,2021,
British Virgin Islands,VGB,2010,
British Virgin Islands,VGB,2011,
British Virgin Islands,VGB,2012,
British Virgin Islands,VGB,2013,
British Virgin Islands,VGB,2014,
British Virgin Islands,VGB,2015,
British Virgin Islands,VGB,2016,
British Virgin Islands,VGB,2017,
British Virgin Islands,VGB,2018,
British Virgin Islands,VGB,2019,
British Virgin Islands,VGB,2020,
British Virgin Islands,VGB,2021,
Cayman Islands,CYM,2010,
Cayman Islands,CYM,2011,
Cayman Islands,CYM,2012,
Cayman Islands,CYM,2013,
Cayman Islands,CYM,2014,
Cayman Islands,CYM,2015,
Cayman Islands,CYM,2016,
Cayman Islands,CYM,2017,
Cayman Islands,CYM,2018,
Cayman Islands,CYM,2019,
Cayman Islands,CYM,2020,
Cayman Islands,CYM,2021,
Cuba,CUB,2010,
Cuba,CUB,2011,
Cuba,CUB,2012,
Cuba,CUB,2013,
Cuba,CUB,2014,
Cuba,CUB,2015,
Cuba,CUB,2016,
Cuba,CUB,2017,
Cuba,CUB,2018,
Cuba,CUB,2019,
Cuba,CUB,2020,
Cuba,CUB,2021,
Curaçao,CUW,2010,
Curaçao,CUW,2011,
Curaçao,CUW,2012,
Curaçao,CUW,2013,
Curaçao,CUW,2014,
Curaçao,CUW,2015,
Curaçao,CUW,2016,
Curaçao,CUW,2017,
Curaçao,CUW,2018,
Curaçao,CUW,2019,
Curaçao,CUW,2020,
Curaçao,CUW,2021,
Dominica,DMA,2010,
Dominica,DMA,2011,
Dominica,DMA,2012,
Dominica,DMA,2013,
Dominica,DMA,2014,
Dominica,DMA,2015,
Dominica,DMA,2016,
Dominica,DMA,2017,
Dominica,DMA,2018,
Dominica,DMA,2019,
Dominica,DMA,2020,
Dominica,DMA,2021,
Dominican Republic,DOM,2010,31.93
Dominican Republic,DOM,2011,32.49
Dominican Republic,DOM,2012,30.65
Dominican Republic,DOM,2013,32.17
Dominican Republic,DOM,2014,28.64
Dominican Republic,DOM,2015,29.79
Dominican Republic,DOM,2016,30.37
Dominican Republic,DOM,2017,26.09
Dominican Republic,DOM,2018,27.8
Dominican Republic,DOM,2019,25.63
Dominican Republic,DOM,2020,25.63
Dominican Republic,DOM,2021,25.63
Grenada,GRD,2010,
Grenada,GRD,2011,
Grenada,GRD,2012,
Grenada,GRD,2013,
Grenada,GRD,2014,
Grenada,GRD,2015,
Grenada,GRD,2016,
Grenada,GRD,2017,
Grenada,GRD,2018,
Grenada,GRD,2019,
Grenada,GRD,2020,
Grenada,GRD,2021,
Guadeloupe,GLP,2010,
Guadeloupe,GLP,2011,
Guadeloupe,GLP,2012,
Guadeloupe,GLP,2013,
Guadeloupe,GLP,2014,
Guadeloupe,GLP,2015,
Guadeloupe,GLP,2016,
Guadeloupe,GLP,2017,
Guadeloupe,GLP,2018,
Guadeloupe,GLP,2019,
Guadeloupe,GLP,2020,
Guadeloupe,GLP,2021,
Haiti,HTI,2010,47.86
Haiti,HTI,2011,47.86
Haiti,HTI,2012,48.4
Haiti,HTI,2013,48.4
Haiti,HTI,2014,48.4
Haiti,HTI,2015,48.4
Haiti,HTI,2016,50.44
Haiti,HTI,2017,50.44
Haiti,HTI,2018,50.44
Haiti,HTI,2019,50.44
Haiti,HTI,2020,50.44
Haiti,HTI,2021,50.44
Jamaica,JAM,2010,
Jamaica,JAM,2011,31.97
Jamaica,JAM,2012,31.97
Jamaica,JAM,2013,31.97
Jamaica,JAM,2014,31.97
Jamaica,JAM,2015,31.97
Jamaica,JAM,2016,31.97
Jamaica,JAM,2017,31.97
Jamaica,JAM,2018,31.97
Jamaica,JAM,2019,31.97
Jamaica,JAM,2020,31.97
Jamaica,JAM,2021,31.97
Martinique,MTQ,2010,
Martinique,MTQ,2011,
Martinique,MTQ,2012,
Martinique,MTQ,2013,
Martinique,MTQ,2014,
Martinique,MTQ,2015,
Martinique,MTQ,2016,
Martinique,MTQ,2017,
Martinique,MTQ,2018,
Martinique,MTQ,2019,
Martinique,MTQ,2020,
Martinique,MTQ,2021,
Montserrat,MSR,2010,
Montserrat,MSR,2011,
Montserrat,MSR,2012,
Montserrat,MSR,2013,
Montserrat,MSR,2014,
Montserrat,MSR,2015,
Montserrat,MSR,2016,
Montserrat,MSR,2017,
Montserrat,MSR,2018,
Montserrat,MSR,2019,
Montserrat,MSR,2020,
Montserrat,MSR,2021,
Puerto Rico,PRI,2010,
Puerto Rico,PRI,2011,
Puerto Rico,PRI,2012,
Puerto Rico,PRI,2013,
Puerto Rico,PRI,2014,
Puerto Rico,PRI,2015,
Puerto Rico,PRI,2016,
Puerto Rico,PRI,2017,
Puerto Rico,PRI,2018,
Puerto Rico,PRI,2019,
Puerto Rico,PRI,2020,
Puerto Rico,PRI,2021,
Saint Barthélemy,BLM,2010,
Saint Barthélemy,BLM,2011,
Saint Barthélemy,BLM,2012,
Saint Barthélemy,BLM,2013,
Saint Barthélemy,BLM,2014,
Saint Barthélemy,BLM,2015,
Saint Barthélemy,BLM,2016,
Saint Barthélemy,BLM,2017,
Saint Barthélemy,BLM,2018,
Saint Barthélemy,BLM,2019,
Saint Barthélemy,BLM,2020,
Saint Barthélemy,BLM,2021,
Saint Kitts and Nevis,KNA,2010,
Saint Kitts and Nevis,KNA,2011,
Saint Kitts and Nevis,KNA,2012,
Saint Kitts and Nevis,KNA,2013,
Saint Kitts and Nevis,KNA,2014,
Saint Kitts and Nevis,KNA,2015,
Saint Kitts and Nevis,KNA,2016,
Saint Kitts and Nevis,KNA,2017,
Saint Kitts and Nevis,KNA,2018,
Saint Kitts and Nevis,KNA,2019,
Saint Kitts and Nevis,KNA,2020,
Saint Kitts and Nevis,KNA,2021,
Saint Lucia,LCA,2010,
Saint Lucia,LCA,2011,
Saint Lucia,LCA,2012,27.4
Saint Lucia,LCA,2013,27.4
Saint Lucia,LCA,2014,27.4
Saint Lucia,LCA,2015,27.4
Saint Lucia,LCA,2016,27.4
Saint Lucia,LCA,2017,27.4
Saint Lucia,LCA,2018,27.4
Saint Lucia,LCA,2019,27.4
Saint Lucia,LCA,2020,27.4
Saint Lucia,LCA,2021,27.4
Saint Martin (French Part),MAF,2010,
Saint Martin (French Part),MAF,2011,
Saint Martin (French Part),MAF,2012,
Saint Martin (French Part),MAF,2013,
Saint Martin (French Part),MAF,2014,
Saint Martin (French Part),MAF,2015,
Saint Martin (French Part),MAF,2016,
Saint Martin (French Part),MAF,2017,
Saint Martin (French Part),MAF,2018,
Saint Martin (French Part),MAF,2019,
Saint Martin (French Part),MAF,2020,
Saint Martin (French Part),MAF,2021,
Saint Vincent and the Grenadines,VCT,2010,
Saint Vincent and the Grenadines,VCT,2011,
Saint Vincent and the Grenadines,VCT,2012,
Saint Vincent and the Grenadines,VCT,2013,
Saint Vincent and the Grenadines,VCT,2014,
Saint Vincent and the Grenadines,VCT,2015,
Saint Vincent and the Grenadines,VCT,2016,
Saint Vincent and the Grenadines,VCT,2017,
Saint Vincent and the Grenadines,VCT,2018,
Saint Vincent and the Grenadines,VCT,2019,
Saint Vincent and the Grenadines,VCT,2020,
Saint Vincent and the Grenadines,VCT,2021,
Sint Maarten (Dutch part),SXM,2010,
Sint Maarten (Dutch part),SXM,2011,
Sint Maarten (Dutch part),SXM,2012,
Sint Maarten (Dutch part),SXM,2013,
Sint Maarten (Dutch part),SXM,2014,
Sint Maarten (Dutch part),SXM,2015,
Sint Maarten (Dutch part),SXM,2016,
Sint Maarten (Dutch part),SXM,2017,
Sint Maarten (Dutch part),SXM,2018,
Sint Maarten (Dutch part),SXM,2019,
Sint Maarten (Dutch part),SXM,2020,
Sint Maarten (Dutch part),SXM,2021,
Trinidad and Tobago,TTO,2010,21.94
Trinidad and Tobago,TTO,2011,21.94
Trinidad and Tobago,TTO,2012,
Trinidad and Tobago,TTO,2013,
Trinidad and Tobago,TTO,2014,
Trinidad and Tobago,TTO,2015,
Trinidad and Tobago,TTO,2016,
Trinidad and Tobago,TTO,2017,
Trinidad and Tobago,TTO,2018,
Trinidad and Tobago,TTO,2019,
Trinidad and Tobago,TTO,2020,
Trinidad and Tobago,TTO,2021,
Turks and Caicos Islands,TCA,2010,
Turks and Caicos Islands,TCA,2011,
Turks and Caicos Islands,TCA,2012,
Turks and Caicos Islands,TCA,2013,
Turks and Caicos Islands,TCA,2014,
Turks and Caicos Islands,TCA,2015,
Turks and Caicos Islands,TCA,2016,
Turks and Caicos Islands,TCA,2017,
Turks and Caicos Islands,TCA,2018,
Turks and Caicos Islands,TCA,2019,
Turks and Caicos Islands,TCA,2020,
Turks and Caicos Islands,TCA,2021,
United States Virgin Islands,VIR,2010,
United States Virgin Islands,VIR,2011,
United States Virgin Islands,VIR,2012,
United States Virgin Islands,VIR,2013,
United States Virgin Islands,VIR,2014,
United States Virgin Islands,VIR,2015,
United States Virgin Islands,VIR,2016,
United States Virgin Islands,VIR,2017,
United States Virgin Islands,VIR,2018,
United States Virgin Islands,VIR,2019,
United States Virgin Islands,VIR,2020,
United States Virgin Islands,VIR,2021,
Belize,BLZ,2010,
Belize,BLZ,2011,37.93
Belize,BLZ,2012,37.93
Belize,BLZ,2013,37.93
Belize,BLZ,2014,37.93
Belize,BLZ,2015,37.93
Belize,BLZ,2016,37.93
Belize,BLZ,2017,37.93
Belize,BLZ,2018,37.93
Belize,BLZ,2019,37.93
Belize,BLZ,2020,37.93
Belize,BLZ,2021,37.93
Costa Rica,CRI,2010,33.4
Costa Rica,CRI,2011,34.33
Costa Rica,CRI,2012,34.28
Costa Rica,CRI,2013,35.15
Costa Rica,CRI,2014,34.25
Costa Rica,CRI,2015,33.92
Costa Rica,CRI,2016,34.22
Costa Rica,CRI,2017,33.6
Costa Rica,CRI,2018,33.47
Costa Rica,CRI,2019,33.41
Costa Rica,CRI,2020,33.41
Costa Rica,CRI,2021,33.41
El Salvador,SLV,2010,27.84
El Salvador,SLV,2011,26.3
El Salvador,SLV,2012,25.86
El Salvador,SLV,2013,27.61
El Salvador,SLV,2014,25.42
El Salvador,SLV,2015,24.29
El Salvador,SLV,2016,23.94
El Salvador,SLV,2017,21.81
El Salvador,SLV,2018,22.43
El Salvador,SLV,2019,22.48
El Salvador,SLV,2020,22.48
El Salvador,SLV,2021,22.48
Guatemala,GTM,2010,39.18
Guatemala,GTM,2011,44.16
Guatemala,GTM,2012,44.16
Guatemala,GTM,2013,44.16
Guatemala,GTM,2014,29.56
Guatemala,GTM,2015,29.56
Guatemala,GTM,2016,29.56
Guatemala,GTM,2017,29.56
Guatemala,GTM,2018,29.56
Guatemala,GTM,2019,29.56
Guatemala,GTM,2020,29.56
Guatemala,GTM,2021,29.56
Honduras,HND,2010,40.71
Honduras,HND,2011,40.76
Honduras,HND,2012,41.7
Honduras,HND,2013,36.96
Honduras,HND,2014,36.26
Honduras,HND,2015,35.66
Honduras,HND,2016,37.55
Honduras,HND,2017,36.45
Honduras,HND,2018,36.19
Honduras,HND,2019,34.91
Honduras,HND,2020,34.91
Honduras,HND,2021,34.91
Mexico,MEX,2010,32.4
Mexico,MEX,2011,32.4
Mexico,MEX,2012,33.95
Mexico,MEX,2013,33.95
Mexico,MEX,2014,33.73
Mexico,MEX,2015,33.73
Mexico,MEX,2016,30.8
Mexico,MEX,2017,30.8
Mexico,MEX,2018,29.8
Mexico,MEX,2019,29.8
Mexico,MEX,2020,29.8
Mexico,MEX,2021,29.8
Nicaragua,NIC,2010,28.28
Nicaragua,NIC,2011,28.28
Nicaragua,NIC,2012,28.28
Nicaragua,NIC,2013,28.28
Nicaragua,NIC,2014,30.69
Nicaragua,NIC,2015,30.69
Nicaragua,NIC,2016,30.69
Nicaragua,NIC,2017,30.69
Nicaragua,NIC,2018,30.69
Nicaragua,NIC,2019,30.69
Nicaragua,NIC,2020,30.69
Nicaragua,NIC,2021,30.69
Panama,PAN,2010,38.88
Panama,PAN,2011,38.31
Panama,PAN,2012,39.44
Panama,PAN,2013,38.48
Panama,PAN,2014,37.87
Panama,PAN,2015,37.73
Panama,PAN,2016,37.59
Panama,PAN,2017,36.91
Panama,PAN,2018,36.12
Panama,PAN,2019,36.57
Panama,PAN,2020,36.57
Panama,PAN,2021,36.57
Argentina,ARG,2010,28.9
Argentina,ARG,2011,27.71
Argentina,ARG,2012,26.46
Argentina,ARG,2013,25.9
Argentina,ARG,2014,26.39
Argentina,ARG,2015,25.53
Argentina,ARG,2016,26.98
Argentina,ARG,2017,25.98
Argentina,ARG,2018,26.41
Argentina,ARG,2019,28.1
Argentina,ARG,2020,28.1
Argentina,ARG,2021,28.1
Bolivia (Plurinational State of),BOL,2010,38.16
Bolivia (Plurinational State of),BOL,2011,33.64
Bolivia (Plurinational State of),BOL,2012,35.31
Bolivia (Plurinational State of),BOL,2013,35.79
Bolivia (Plurinational State of),BOL,2014,35.39
Bolivia (Plurinational State of),BOL,2015,34.64
Bolivia (Plurinational State of),BOL,2016,33.5
Bolivia (Plurinational State of),BOL,2017,32.21
Bolivia (Plurinational State of),BOL,2018,29.13
Bolivia (Plurinational State of),BOL,2019,26.86
Bolivia (Plurinational State of),BOL,2020,26.86
Bolivia (Plurinational State of),BOL,2021,26.86
Bouvet Island,BVT,2010,
Bouvet Island,BVT,2011,
Bouvet Island,BVT,2012,
Bouvet Island,BVT,2013,
Bouvet Island,BVT,2014,
Bouvet Island,BVT,2015,
Bouvet Island,BVT,2016,
Bouvet Island,BVT,2017,
Bouvet Island,BVT,2018,
Bouvet Island,BVT,2019,
Bouvet Island,BVT,2020,
Bouvet Island,BVT,2021,
Brazil,BRA,2010,41.24
Brazil,BRA,2011,40.27
Brazil,BRA,2012,40.66
Brazil,BRA,2013,39.53
Brazil,BRA,2014,38.62
Brazil,BRA,2015,38.6
Brazil,BRA,2016,40.54
Brazil,BRA,2017,40.83
Brazil,BRA,2018,41.64
Brazil,BRA,2019,41.31
Brazil,BRA,2020,41.31
Brazil,BRA,2021,41.31
Chile,CHL,2010,31.4
Chile,CHL,2011,30.18
Chile,CHL,2012,30.18
Chile,CHL,2013,29.81
Chile,CHL,2014,29.81
Chile,CHL,2015,28.21
Chile,CHL,2016,28.21
Chile,CHL,2017,28.27
Chile,CHL,2018,28.27
Chile,CHL,2019,28.27
Chile,CHL,2020,28.27
Chile,CHL,2021,28.27
Colombia,COL,2010,41.81
Colombia,COL,2011,40.37
Colombia,COL,2012,39.49
Colombia,COL,2013,39.51
Colombia,COL,2014,39.27
Colombia,COL,2015,37.27
Colombia,COL,2016,36.78
Colombia,COL,2017,35.53
Colombia,COL,2018,36.45
Colombia,COL,2019,37.71
Colombia,COL,2020,37.71
Colombia,COL,2021,37.71
Ecuador,ECU,2010,34.62
Ecuador,ECU,2011,31.64
Ecuador,ECU,2012,31.89
Ecuador,ECU,2013,32.03
Ecuador,ECU,2014,29.85
Ecuador,ECU,2015,31.32
Ecuador,ECU,2016,30.3
Ecuador,ECU,2017,29.9
Ecuador,ECU,2018,30.62
Ecuador,ECU,2019,31.05
Ecuador,ECU,2020,31.05
Ecuador,ECU,2021,31.05
Falkland Islands (Malvinas),FLK,2010,
Falkland Islands (Malvinas),FLK,2011,
Falkland Islands (Malvinas),FLK,2012,
Falkland Islands (Malvinas),FLK,2013,
Falkland Islands (Malvinas),FLK,2014,
Falkland Islands (Malvinas),FLK,2015,
Falkland Islands (Malvinas),FLK,2016,
Falkland Islands (Malvinas),FLK,2017,
Falkland Islands (Malvinas),FLK,2018,
Falkland Islands (Malvinas),FLK,2019,
Falkland Islands (Malvinas),FLK,2020,
Falkland Islands (Malvinas),FLK,2021,
French Guiana,GUF,2010,
French Guiana,GUF,2011,
French Guiana,GUF,2012,
French Guiana,GUF,2013,
French Guiana,GUF,2014,
French Guiana,GUF,2015,
French Guiana,GUF,2016,
French Guiana,GUF,2017,
French Guiana,GUF,2018,
French Guiana,GUF,2019,
French Guiana,GUF,2020,
French Guiana,GUF,2021,
Guyana,GUY,2010,24.45
Guyana,GUY,2011,24.45
Guyana,GUY,2012,24.45
Guyana,GUY,2013,24.45
Guyana,GUY,2014,25.1
Guyana,GUY,2015,25.1
Guyana,GUY,2016,25.1
Guyana,GUY,2017,25.1
Guyana,GUY,2018,25.1
Guyana,GUY,2019,25.1
Guyana,GUY,2020,25.1
Guyana,GUY,2021,25.1
Paraguay,PRY,2010,37.74
Paraguay,PRY,2011,39.39
Paraguay,PRY,2012,33.5
Paraguay,PRY,2013,33.35
Paraguay,PRY,2014,36.87
Paraguay,PRY,2015,32.99
Paraguay,PRY,2016,33.11
Paraguay,PRY,2017,34.16
Paraguay,PRY,2018,31.29
Paraguay,PRY,2019,30.44
Paraguay,PRY,2020,30.44
Paraguay,PRY,2021,30.44
Peru,PER,2010,31.25
Peru,PER,2011,30.4
Peru,PER,2012,30.27
Peru,PER,2013,29.46
Peru,PER,2014,28.52
Peru,PER,2015,28.66
Peru,PER,2016,29
Peru,PER,2017,28.57
Peru,PER,2018,27.31
Peru,PER,2019,26.3
Peru,PER,2020,26.3
Peru,PER,2021,26.3
South Georgia and the South Sandwich Islands,SGS,2010,
South Georgia and the South Sandwich Islands,SGS,2011,
South Georgia and the South Sandwich Islands,SGS,2012,
South Georgia and the South Sandwich Islands,SGS,2013,
South Georgia and the South Sandwich Islands,SGS,2014,
South Georgia and the South Sandwich Islands,SGS,2015,
South Georgia and the South Sandwich Islands,SGS,2016,
South Georgia and the South Sandwich Islands,SGS,2017,
South Georgia and the South Sandwich Islands,SGS,2018,
South Georgia and the South Sandwich Islands,SGS,2019,
South Georgia and the South Sandwich Islands,SGS,2020,
South Georgia and the South Sandwich Islands,SGS,2021,
Suriname,SUR,2010,37.32
Suriname,SUR,2011,37.32
Suriname,SUR,2012,37.32
Suriname,SUR,2013,37.32
Suriname,SUR,2014,37.32
Suriname,SUR,2015,37.32
Suriname,SUR,2016,
Suriname,SUR,2017,
Suriname,SUR,2018,46.7
Suriname,SUR,2019,46.7
Suriname,SUR,2020,46.7
Suriname,SUR,2021,46.7
Uruguay,URY,2010,28.73
Uruguay,URY,2011,26.32
Uruguay,URY,2012,24.06
Uruguay,URY,2013,24.66
Uruguay,URY,2014,24.29
Uruguay,URY,2015,24.35
Uruguay,URY,2016,23.7
Uruguay,URY,2017,23.36
Uruguay,URY,2018,23.55
Uruguay,URY,2019,23.54
Uruguay,URY,2020,23.54
Uruguay,URY,2021,23.54
Venezuela (Bolivarian Republic of),VEN,2010,19.4
Venezuela (Bolivarian Republic of),VEN,2011,20.1
Venezuela (Bolivarian Republic of),VEN,2012,21.8
Venezuela (Bolivarian Republic of),VEN,2013,21.8
Venezuela (Bolivarian Republic of),VEN,2014,21
Venezuela (Bolivarian Republic of),VEN,2015,21
Venezuela (Bolivarian Republic of),VEN,2016,21
Venezuela (Bolivarian Republic of),VEN,2017,21
Venezuela (Bolivarian Republic of),VEN,2018,21
Venezuela (Bolivarian Republic of),VEN,2019,21
Venezuela (Bolivarian Republic of),VEN,2020,21
Venezuela (Bolivarian Republic of),VEN,2021,21
Bermuda,BMU,2010,
Bermuda,BMU,2011,
Bermuda,BMU,2012,
Bermuda,BMU,2013,
Bermuda,BMU,2014,
Bermuda,BMU,2015,
Bermuda,BMU,2016,
Bermuda,BMU,2017,
Bermuda,BMU,2018,
Bermuda,BMU,2019,
Bermuda,BMU,2020,
Bermuda,BMU,2021,
Canada,CAN,2010,17.39
Canada,CAN,2011,17.39
Canada,CAN,2012,17.39
Canada,CAN,2013,18.22
Canada,CAN,2014,18.22
Canada,CAN,2015,17.75
Canada,CAN,2016,16.83
Canada,CAN,2017,17.08
Canada,CAN,2018,17.08
Canada,CAN,2019,17.08
Canada,CAN,2020,17.08
Canada,CAN,2021,17.08
Greenland,GRL,2010,
Greenland,GRL,2011,
Greenland,GRL,2012,
Greenland,GRL,2013,
Greenland,GRL,2014,
Greenland,GRL,2015,
Greenland,GRL,2016,
Greenland,GRL,2017,
Greenland,GRL,2018,
Greenland,GRL,2019,
Greenland,GRL,2020,
Greenland,GRL,2021,
Saint Pierre and Miquelon,SPM,2010,
Saint Pierre and Miquelon,SPM,2011,
Saint Pierre and Miquelon,SPM,2012,
Saint Pierre and Miquelon,SPM,2013,
Saint Pierre and Miquelon,SPM,2014,
Saint Pierre and Miquelon,SPM,2015,
Saint Pierre and Miquelon,SPM,2016,
Saint Pierre and Miquelon,SPM,2017,
Saint Pierre and Miquelon,SPM,2018,
Saint Pierre and Miquelon,SPM,2019,
Saint Pierre and Miquelon,SPM,2020,
Saint Pierre and Miquelon,SPM,2021,
United States of America,USA,2010,24.54
United States of America,USA,2011,24.91
United States of America,USA,2012,24.96
United States of America,USA,2013,24.64
United States of America,USA,2014,26.43
United States of America,USA,2015,25.89
United States of America,USA,2016,25.82
United States of America,USA,2017,26.28
United States of America,USA,2018,26.02
United States of America,USA,2019,26
United States of America,USA,2020,23.22
United States of America,USA,2021,23.22
Antarctica,ATA,2010,
Antarctica,ATA,2011,
Antarctica,ATA,2012,
Antarctica,ATA,2013,
Antarctica,ATA,2014,
Antarctica,ATA,2015,
Antarctica,ATA,2016,
Antarctica,ATA,2017,
Antarctica,ATA,2018,
Antarctica,ATA,2019,
Antarctica,ATA,2020,
Antarctica,ATA,2021,
Kazakhstan,KAZ,2010,17.32
Kazakhstan,KAZ,2011,12.66
Kazakhstan,KAZ,2012,12.66
Kazakhstan,KAZ,2013,12.66
Kazakhstan,KAZ,2014,12.66
Kazakhstan,KAZ,2015,10.34
Kazakhstan,KAZ,2016,10.34
Kazakhstan,KAZ,2017,10.34
Kazakhstan,KAZ,2018,10.34
Kazakhstan,KAZ,2019,10.34
Kazakhstan,KAZ,2020,10.34
Kazakhstan,KAZ,2021,10.34
Kyrgyzstan,KGZ,2010,24.05
Kyrgyzstan,KGZ,2011,24.05
Kyrgyzstan,KGZ,2012,17.74
Kyrgyzstan,KGZ,2013,17.74
Kyrgyzstan,KGZ,2014,12.17
Kyrgyzstan,KGZ,2015,12.17
Kyrgyzstan,KGZ,2016,12.17
Kyrgyzstan,KGZ,2017,12.17
Kyrgyzstan,KGZ,2018,13.83
Kyrgyzstan,KGZ,2019,13.83
Kyrgyzstan,KGZ,2020,13.83
Kyrgyzstan,KGZ,2021,13.83
Tajikistan,TJK,2010,
Tajikistan,TJK,2011,
Tajikistan,TJK,2012,12.18
Tajikistan,TJK,2013,12.18
Tajikistan,TJK,2014,12.18
Tajikistan,TJK,2015,12.18
Tajikistan,TJK,2016,12.18
Tajikistan,TJK,2017,14.47
Tajikistan,TJK,2018,14.47
Tajikistan,TJK,2019,14.47
Tajikistan,TJK,2020,14.47
Tajikistan,TJK,2021,14.47
Turkmenistan,TKM,2010,24.99
Turkmenistan,TKM,2011,24.99
Turkmenistan,TKM,2012,
Turkmenistan,TKM,2013,
Turkmenistan,TKM,2014,
Turkmenistan,TKM,2015,
Turkmenistan,TKM,2016,26.8
Turkmenistan,TKM,2017,26.8
Turkmenistan,TKM,2018,26.8
Turkmenistan,TKM,2019,26.2
Turkmenistan,TKM,2020,26.2
Turkmenistan,TKM,2021,26.2
Uzbekistan,UZB,2010,20.07
Uzbekistan,UZB,2011,20.07
Uzbekistan,UZB,2012,
Uzbekistan,UZB,2013,
Uzbekistan,UZB,2014,
Uzbekistan,UZB,2015,
Uzbekistan,UZB,2016,
Uzbekistan,UZB,2017,
Uzbekistan,UZB,2018,
Uzbekistan,UZB,2019,
Uzbekistan,UZB,2020,
Uzbekistan,UZB,2021,
China,CHN,2010,24.12
China,CHN,2011,24.12
China,CHN,2012,23.32
China,CHN,2013,27.39
China,CHN,2014,27.39
China,CHN,2015,27.39
China,CHN,2016,27.39
China,CHN,2017,27.39
China,CHN,2018,27.39
China,CHN,2019,27.39
China,CHN,2020,27.39
China,CHN,2021,27.39
China Hong Kong Special Administrative Region,HKG,2010,
China Hong Kong Special Administrative Region,HKG,2011,25.56
China Hong Kong Special Administrative Region,HKG,2012,25.56
China Hong Kong Special Administrative Region,HKG,2013,25.56
China Hong Kong Special Administrative Region,HKG,2014,25.56
China Hong Kong Special Administrative Region,HKG,2015,25.56
China Hong Kong Special Administrative Region,HKG,2016,25.56
China Hong Kong Special Administrative Region,HKG,2017,25.56
China Hong Kong Special Administrative Region,HKG,2018,25.56
China Hong Kong Special Administrative Region,HKG,2019,25.56
China Hong Kong Special Administrative Region,HKG,2020,25.56
China Hong Kong Special Administrative Region,HKG,2021,25.56
China Macao Special Administrative Region,MAC,2010,
China Macao Special Administrative Region,MAC,2011,
China Macao Special Administrative Region,MAC,2012,
China Macao Special Administrative Region,MAC,2013,
China Macao Special Administrative Region,MAC,2014,
China Macao Special Administrative Region,MAC,2015,
China Macao Special Administrative Region,MAC,2016,
China Macao Special Administrative Region,MAC,2017,
China Macao Special Administrative Region,MAC,2018,
China Macao Special Administrative Region,MAC,2019,
China Macao Special Administrative Region,MAC,2020,
China Macao Special Administrative Region,MAC,2021,
Democratic People's Republic of Korea,PRK,2010,
Democratic People's Republic of Korea,PRK,2011,
Democratic People's Republic of Korea,PRK,2012,
Democratic People's Republic of Korea,PRK,2013,
Democratic People's Republic of Korea,PRK,2014,
Democratic People's Republic of Korea,PRK,2015,
Democratic People's Republic of Korea,PRK,2016,
Democratic People's Republic of Korea,PRK,2017,
Democratic People's Republic of Korea,PRK,2018,
Democratic People's Republic of Korea,PRK,2019,
Democratic People's Republic of Korea,PRK,2020,
Democratic People's Republic of Korea,PRK,2021,
Japan,JPN,2010,14.56
Japan,JPN,2011,14.56
Japan,JPN,2012,14.56
Japan,JPN,2013,16.66
Japan,JPN,2014,16.66
Japan,JPN,2015,16.66
Japan,JPN,2016,16.66
Japan,JPN,2017,16.66
Japan,JPN,2018,16.66
Japan,JPN,2019,16.66
Japan,JPN,2020,16.66
Japan,JPN,2021,16.66
Mongolia,MNG,2010,19.67
Mongolia,MNG,2011,
Mongolia,MNG,2012,
Mongolia,MNG,2013,
Mongolia,MNG,2014,15.7
Mongolia,MNG,2015,15.7
Mongolia,MNG,2016,15.7
Mongolia,MNG,2017,15.7
Mongolia,MNG,2018,16.95
Mongolia,MNG,2019,16.95
Mongolia,MNG,2020,16.95
Mongolia,MNG,2021,16.95
Republic of Korea,KOR,2010,17.25
Republic of Korea,KOR,2011,17.25
Republic of Korea,KOR,2012,16.69
Republic of Korea,KOR,2013,16.69
Republic of Korea,KOR,2014,16.05
Republic of Korea,KOR,2015,16.05
Republic of Korea,KOR,2016,16.13
Republic of Korea,KOR,2017,16.13
Republic of Korea,KOR,2018,16.13
Republic of Korea,KOR,2019,16.13
Republic of Korea,KOR,2020,16.13
Republic of Korea,KOR,2021,16.13
Brunei Darussalam,BRN,2010,
Brunei Darussalam,BRN,2011,
Brunei Darussalam,BRN,2012,
Brunei Darussalam,BRN,2013,
Brunei Darussalam,BRN,2014,
Brunei Darussalam,BRN,2015,
Brunei Darussalam,BRN,2016,
Brunei Darussalam,BRN,2017,
Brunei Darussalam,BRN,2018,
Brunei Darussalam,BRN,2019,
Brunei Darussalam,BRN,2020,
Brunei Darussalam,BRN,2021,
Cambodia,KHM,2010,20.29
Cambodia,KHM,2011,20.29
Cambodia,KHM,2012,20.29
Cambodia,KHM,2013,20.29
Cambodia,KHM,2014,14.34
Cambodia,KHM,2015,14.34
Cambodia,KHM,2016,14.34
Cambodia,KHM,2017,14.34
Cambodia,KHM,2018,14.34
Cambodia,KHM,2019,14.34
Cambodia,KHM,2020,14.34
Cambodia,KHM,2021,14.34
Indonesia,IDN,2010,
Indonesia,IDN,2011,
Indonesia,IDN,2012,17.26
Indonesia,IDN,2013,17.26
Indonesia,IDN,2014,17.26
Indonesia,IDN,2015,17.26
Indonesia,IDN,2016,17.26
Indonesia,IDN,2017,20.12
Indonesia,IDN,2018,20.12
Indonesia,IDN,2019,20.12
Indonesia,IDN,2020,20.12
Indonesia,IDN,2021,20.12
Lao People's Democratic Republic,LAO,2010,20.57
Lao People's Democratic Republic,LAO,2011,20.57
Lao People's Democratic Republic,LAO,2012,20.33
Lao People's Democratic Republic,LAO,2013,20.33
Lao People's Democratic Republic,LAO,2014,20.33
Lao People's Democratic Republic,LAO,2015,20.33
Lao People's Democratic Republic,LAO,2016,20.33
Lao People's Democratic Republic,LAO,2017,20.58
Lao People's Democratic Republic,LAO,2018,20.58
Lao People's Democratic Republic,LAO,2019,20.58
Lao People's Democratic Republic,LAO,2020,20.58
Lao People's Democratic Republic,LAO,2021,20.58
Malaysia,MYS,2010,
Malaysia,MYS,2011,
Malaysia,MYS,2012,
Malaysia,MYS,2013,
Malaysia,MYS,2014,
Malaysia,MYS,2015,
Malaysia,MYS,2016,
Malaysia,MYS,2017,
Malaysia,MYS,2018,
Malaysia,MYS,2019,
Malaysia,MYS,2020,
Malaysia,MYS,2021,
Myanmar,MMR,2010,5.85
Myanmar,MMR,2011,5.85
Myanmar,MMR,2012,5.85
Myanmar,MMR,2013,5.85
Myanmar,MMR,2014,5.85
Myanmar,MMR,2015,5.85
Myanmar,MMR,2016,
Myanmar,MMR,2017,
Myanmar,MMR,2018,
Myanmar,MMR,2019,
Myanmar,MMR,2020,
Myanmar,MMR,2021,
Philippines,PHL,2010,29.98
Philippines,PHL,2011,29.98
Philippines,PHL,2012,29.98
Philippines,PHL,2013,26.79
Philippines,PHL,2014,26.79
Philippines,PHL,2015,26.79
Philippines,PHL,2016,26.79
Philippines,PHL,2017,28.1
Philippines,PHL,2018,28.1
Philippines,PHL,2019,28.1
Philippines,PHL,2020,28.1
Philippines,PHL,2021,28.1
Singapore,SGP,2010,23.25
Singapore,SGP,2011,24.57
Singapore,SGP,2012,24.96
Singapore,SGP,2013,24.96
Singapore,SGP,2014,24.96
Singapore,SGP,2015,24.96
Singapore,SGP,2016,24.96
Singapore,SGP,2017,24.96
Singapore,SGP,2018,24.96
Singapore,SGP,2019,24.96
Singapore,SGP,2020,24.96
Singapore,SGP,2021,24.96
Thailand,THA,2010,27.61
Thailand,THA,2011,
Thailand,THA,2012,
Thailand,THA,2013,23.81
Thailand,THA,2014,23.81
Thailand,THA,2015,23.81
Thailand,THA,2016,23.81
Thailand,THA,2017,23.81
Thailand,THA,2018,23.81
Thailand,THA,2019,18.79
Thailand,THA,2020,18.79
Thailand,THA,2021,18.79
Timor-Leste,TLS,2010,17.82
Timor-Leste,TLS,2011,17.82
Timor-Leste,TLS,2012,17.82
Timor-Leste,TLS,2013,17.82
Timor-Leste,TLS,2014,17.82
Timor-Leste,TLS,2015,17.82
Timor-Leste,TLS,2016,13.59
Timor-Leste,TLS,2017,13.59
Timor-Leste,TLS,2018,13.59
Timor-Leste,TLS,2019,13.59
Timor-Leste,TLS,2020,13.59
Timor-Leste,TLS,2021,13.59
Viet Nam,VNM,2010,21.99
Viet Nam,VNM,2011,21.99
Viet Nam,VNM,2012,21.99
Viet Nam,VNM,2013,21.43
Viet Nam,VNM,2014,21.43
Viet Nam,VNM,2015,21.43
Viet Nam,VNM,2016,21.43
Viet Nam,VNM,2017,21.43
Viet Nam,VNM,2018,21.43
Viet Nam,VNM,2019,21.43
Viet Nam,VNM,2020,14.6
Viet Nam,VNM,2021,14.6
Afghanistan,AFG,2010,10.77
Afghanistan,AFG,2011,10.77
Afghanistan,AFG,2012,10.77
Afghanistan,AFG,2013,
Afghanistan,AFG,2014,
Afghanistan,AFG,2015,
Afghanistan,AFG,2016,
Afghanistan,AFG,2017,
Afghanistan,AFG,2018,
Afghanistan,AFG,2019,
Afghanistan,AFG,2020,
Afghanistan,AFG,2021,
Bangladesh,BGD,2010,
Bangladesh,BGD,2011,28.27
Bangladesh,BGD,2012,28.27
Bangladesh,BGD,2013,28.27
Bangladesh,BGD,2014,15.66
Bangladesh,BGD,2015,15.66
Bangladesh,BGD,2016,15.66
Bangladesh,BGD,2017,15.66
Bangladesh,BGD,2018,15.24
Bangladesh,BGD,2019,16.56
Bangladesh,BGD,2020,16.56
Bangladesh,BGD,2021,16.56
Bhutan,BTN,2010,25.1
Bhutan,BTN,2011,25.1
Bhutan,BTN,2012,21
Bhutan,BTN,2013,21
Bhutan,BTN,2014,21
Bhutan,BTN,2015,21
Bhutan,BTN,2016,21
Bhutan,BTN,2017,19.96
Bhutan,BTN,2018,19.96
Bhutan,BTN,2019,19.96
Bhutan,BTN,2020,19.96
Bhutan,BTN,2021,19.96
India,IND,2010,19.16
India,IND,2011,19.16
India,IND,2012,19.16
India,IND,2013,19.16
India,IND,2014,19.16
India,IND,2015,19.37
India,IND,2016,19.37
India,IND,2017,19.37
India,IND,2018,19.37
India,IND,2019,19.37
India,IND,2020,19.37
India,IND,2021,19.37
Iran (Islamic Republic of),IRN,2010,
Iran (Islamic Republic of),IRN,2011,
Iran (Islamic Republic of),IRN,2012,
Iran (Islamic Republic of),IRN,2013,19.71
Iran (Islamic Republic of),IRN,2014,19.71
Iran (Islamic Republic of),IRN,2015,19.71
Iran (Islamic Republic of),IRN,2016,19.71
Iran (Islamic Republic of),IRN,2017,19.71
Iran (Islamic Republic of),IRN,2018,19.71
Iran (Islamic Republic of),IRN,2019,19.71
Iran (Islamic Republic of),IRN,2020,19.71
Iran (Islamic Republic of),IRN,2021,19.71
Maldives,MDV,2010,23.15
Maldives,MDV,2011,23.15
Maldives,MDV,2012,23.15
Maldives,MDV,2013,23.15
Maldives,MDV,2014,23.15
Maldives,MDV,2015,23.15
Maldives,MDV,2016,25.85
Maldives,MDV,2017,25.85
Maldives,MDV,2018,25.85
Maldives,MDV,2019,25.85
Maldives,MDV,2020,25.85
Maldives,MDV,2021,25.85
Nepal,NPL,2010,
Nepal,NPL,2011,15.13
Nepal,NPL,2012,15.13
Nepal,NPL,2013,15.13
Nepal,NPL,2014,13.91
Nepal,NPL,2015,13.91
Nepal,NPL,2016,16.32
Nepal,NPL,2017,16.32
Nepal,NPL,2018,16.32
Nepal,NPL,2019,16.32
Nepal,NPL,2020,16.32
Nepal,NPL,2021,16.32
Pakistan,PAK,2010,11.14
Pakistan,PAK,2011,11.14
Pakistan,PAK,2012,11.14
Pakistan,PAK,2013,11.58
Pakistan,PAK,2014,11.58
Pakistan,PAK,2015,11.58
Pakistan,PAK,2016,11.58
Pakistan,PAK,2017,17.23
Pakistan,PAK,2018,17.23
Pakistan,PAK,2019,17.23
Pakistan,PAK,2020,17.23
Pakistan,PAK,2021,17.23
Sri Lanka,LKA,2010,
Sri Lanka,LKA,2011,
Sri Lanka,LKA,2012,
Sri Lanka,LKA,2013,
Sri Lanka,LKA,2014,
Sri Lanka,LKA,2015,
Sri Lanka,LKA,2016,22.36
Sri Lanka,LKA,2017,22.36
Sri Lanka,LKA,2018,22.36
Sri Lanka,LKA,2019,22.36
Sri Lanka,LKA,2020,22.36
Sri Lanka,LKA,2021,22.36
Armenia,ARM,2010,14.25
Armenia,ARM,2011,14.25
Armenia,ARM,2012,14.25
Armenia,ARM,2013,14.25
Armenia,ARM,2014,14.25
Armenia,ARM,2015,14.25
Armenia,ARM,2016,17.44
Armenia,ARM,2017,17.44
Armenia,ARM,2018,17.44
Armenia,ARM,2019,17.44
Armenia,ARM,2020,17.44
Armenia,ARM,2021,17.44
Azerbaijan,AZE,2010,
Azerbaijan,AZE,2011,8.86
Azerbaijan,AZE,2012,8.86
Azerbaijan,AZE,2013,8.86
Azerbaijan,AZE,2014,8.86
Azerbaijan,AZE,2015,8.86
Azerbaijan,AZE,2016,8.86
Azerbaijan,AZE,2017,8.86
Azerbaijan,AZE,2018,8.86
Azerbaijan,AZE,2019,8.86
Azerbaijan,AZE,2020,8.86
Azerbaijan,AZE,2021,8.86
Bahrain,BHR,2010,
Bahrain,BHR,2011,
Bahrain,BHR,2012,
Bahrain,BHR,2013,
Bahrain,BHR,2014,
Bahrain,BHR,2015,
Bahrain,BHR,2016,
Bahrain,BHR,2017,
Bahrain,BHR,2018,
Bahrain,BHR,2019,
Bahrain,BHR,2020,
Bahrain,BHR,2021,
Cyprus,CYP,2010,13.6
Cyprus,CYP,2011,14.88
Cyprus,CYP,2012,14.97
Cyprus,CYP,2013,15.91
Cyprus,CYP,2014,17.5
Cyprus,CYP,2015,17.5
Cyprus,CYP,2016,16.4
Cyprus,CYP,2017,14.28
Cyprus,CYP,2018,13.09
Cyprus,CYP,2019,13.09
Cyprus,CYP,2020,13.03
Cyprus,CYP,2021,13.03
Georgia,GEO,2010,32.13
Georgia,GEO,2011,32.13
Georgia,GEO,2012,32.13
Georgia,GEO,2013,25.95
Georgia,GEO,2014,25.95
Georgia,GEO,2015,25.95
Georgia,GEO,2016,24.85
Georgia,GEO,2017,24.85
Georgia,GEO,2018,24.85
Georgia,GEO,2019,24.85
Georgia,GEO,2020,24.85
Georgia,GEO,2021,24.85
Iraq,IRQ,2010,
Iraq,IRQ,2011,16.15
Iraq,IRQ,2012,16.15
Iraq,IRQ,2013,16.15
Iraq,IRQ,2014,16.15
Iraq,IRQ,2015,16.15
Iraq,IRQ,2016,16.15
Iraq,IRQ,2017,16.15
Iraq,IRQ,2018,12.68
Iraq,IRQ,2019,12.68
Iraq,IRQ,2020,12.68
Iraq,IRQ,2021,12.68
Israel,ISR,2010,25
Israel,ISR,2011,25
Israel,ISR,2012,24.55
Israel,ISR,2013,24.55
Israel,ISR,2014,22.98
Israel,ISR,2015,22.98
Israel,ISR,2016,23.69
Israel,ISR,2017,23.69
Israel,ISR,2018,23.13
Israel,ISR,2019,23.13
Israel,ISR,2020,23.13
Israel,ISR,2021,23.13
Jordan,JOR,2010,21.08
Jordan,JOR,2011,21.08
Jordan,JOR,2012,20.49
Jordan,JOR,2013,20.49
Jordan,JOR,2014,20.49
Jordan,JOR,2015,20.49
Jordan,JOR,2016,20.49
Jordan,JOR,2017,17.91
Jordan,JOR,2018,17.91
Jordan,JOR,2019,17.91
Jordan,JOR,2020,17.91
Jordan,JOR,2021,17.91
Kuwait,KWT,2010,
Kuwait,KWT,2011,
Kuwait,KWT,2012,
Kuwait,KWT,2013,
Kuwait,KWT,2014,
Kuwait,KWT,2015,
Kuwait,KWT,2016,
Kuwait,KWT,2017,
Kuwait,KWT,2018,
Kuwait,KWT,2019,
Kuwait,KWT,2020,
Kuwait,KWT,2021,
Lebanon,LBN,2010,29.98
Lebanon,LBN,2011,
Lebanon,LBN,2012,
Lebanon,LBN,2013,
Lebanon,LBN,2014,
Lebanon,LBN,2015,
Lebanon,LBN,2016,
Lebanon,LBN,2017,
Lebanon,LBN,2018,
Lebanon,LBN,2019,
Lebanon,LBN,2020,
Lebanon,LBN,2021,
Oman,OMN,2010,
Oman,OMN,2011,20.09
Oman,OMN,2012,20.09
Oman,OMN,2013,20.09
Oman,OMN,2014,20.09
Oman,OMN,2015,20.09
Oman,OMN,2016,20.09
Oman,OMN,2017,20.09
Oman,OMN,2018,20.09
Oman,OMN,2019,20.09
Oman,OMN,2020,20.09
Oman,OMN,2021,20.09
Qatar,QAT,2010,
Qatar,QAT,2011,
Qatar,QAT,2012,
Qatar,QAT,2013,
Qatar,QAT,2014,
Qatar,QAT,2015,
Qatar,QAT,2016,
Qatar,QAT,2017,
Qatar,QAT,2018,
Qatar,QAT,2019,
Qatar,QAT,2020,
Qatar,QAT,2021,
Saudi Arabia,SAU,2010,
Saudi Arabia,SAU,2011,
Saudi Arabia,SAU,2012,
Saudi Arabia,SAU,2013,
Saudi Arabia,SAU,2014,
Saudi Arabia,SAU,2015,
Saudi Arabia,SAU,2016,
Saudi Arabia,SAU,2017,
Saudi Arabia,SAU,2018,
Saudi Arabia,SAU,2019,
Saudi Arabia,SAU,2020,
Saudi Arabia,SAU,2021,
State of Palestine,PSE,2010,
State of Palestine,PSE,2011,30.32
State of Palestine,PSE,2012,28.41
State of Palestine,PSE,2013,28.41
State of Palestine,PSE,2014,28.41
State of Palestine,PSE,2015,28.41
State of Palestine,PSE,2016,28.41
State of Palestine,PSE,2017,31.64
State of Palestine,PSE,2018,31.64
State of Palestine,PSE,2019,31.64
State of Palestine,PSE,2020,31.64
State of Palestine,PSE,2021,31.64
Syrian Arab Republic,SYR,2010,18.32
Syrian Arab Republic,SYR,2011,18.32
Syrian Arab Republic,SYR,2012,
Syrian Arab Republic,SYR,2013,
Syrian Arab Republic,SYR,2014,
Syrian Arab Republic,SYR,2015,
Syrian Arab Republic,SYR,2016,
Syrian Arab Republic,SYR,2017,
Syrian Arab Republic,SYR,2018,
Syrian Arab Republic,SYR,2019,
Syrian Arab Republic,SYR,2020,
Syrian Arab Republic,SYR,2021,
Türkiye,TUR,2010,21.9
Türkiye,TUR,2011,23.09
Türkiye,TUR,2012,23.14
Türkiye,TUR,2013,23.08
Türkiye,TUR,2014,23.08
Türkiye,TUR,2015,23.08
Türkiye,TUR,2016,23.08
Türkiye,TUR,2017,23.08
Türkiye,TUR,2018,23.08
Türkiye,TUR,2019,23.08
Türkiye,TUR,2020,23.08
Türkiye,TUR,2021,23.08
United Arab Emirates,ARE,2010,
United Arab Emirates,ARE,2011,
United Arab Emirates,ARE,2012,
United Arab Emirates,ARE,2013,
United Arab Emirates,ARE,2014,
United Arab Emirates,ARE,2015,
United Arab Emirates,ARE,2016,
United Arab Emirates,ARE,2017,
United Arab Emirates,ARE,2018,
United Arab Emirates,ARE,2019,
United Arab Emirates,ARE,2020,
United Arab Emirates,ARE,2021,
Yemen,YEM,2010,20.58
Yemen,YEM,2011,20.58
Yemen,YEM,2012,20.58
Yemen,YEM,2013,21.8
Yemen,YEM,2014,21.8
Yemen,YEM,2015,21.8
Yemen,YEM,2016,21.8
Yemen,YEM,2017,21.8
Yemen,YEM,2018,21.8
Yemen,YEM,2019,21.8
Yemen,YEM,2020,21.8
Yemen,YEM,2021,21.8
Belarus,BLR,2010,12.02
Belarus,BLR,2011,10.92
Belarus,BLR,2012,10.78
Belarus,BLR,2013,10.78
Belarus,BLR,2014,10.84
Belarus,BLR,2015,10.84
Belarus,BLR,2016,10.84
Belarus,BLR,2017,10.84
Belarus,BLR,2018,10.84
Belarus,BLR,2019,9.65
Belarus,BLR,2020,9.65
Belarus,BLR,2021,9.65
Bulgaria,BGR,2010,15.45
Bulgaria,BGR,2011,18.8
Bulgaria,BGR,2012,17.76
Bulgaria,BGR,2013,18.24
Bulgaria,BGR,2014,19.96
Bulgaria,BGR,2015,21.42
Bulgaria,BGR,2016,22.19
Bulgaria,BGR,2017,23.9
Bulgaria,BGR,2018,21.62
Bulgaria,BGR,2019,21.62
Bulgaria,BGR,2020,23
Bulgaria,BGR,2021,23
Czechia,CZE,2010,10.69
Czechia,CZE,2011,11.31
Czechia,CZE,2012,10.98
Czechia,CZE,2013,11.07
Czechia,CZE,2014,10.74
Czechia,CZE,2015,10.74
Czechia,CZE,2016,10.43
Czechia,CZE,2017,9.21
Czechia,CZE,2018,8.72
Czechia,CZE,2019,8.72
Czechia,CZE,2020,8.77
Czechia,CZE,2021,8.77
Hungary,HUN,2010,12.21
Hungary,HUN,2011,13.11
Hungary,HUN,2012,12.62
Hungary,HUN,2013,14.48
Hungary,HUN,2014,14.58
Hungary,HUN,2015,15.26
Hungary,HUN,2016,14.74
Hungary,HUN,2017,16.05
Hungary,HUN,2018,13.94
Hungary,HUN,2019,13.94
Hungary,HUN,2020,12.29
Hungary,HUN,2021,12.29
Poland,POL,2010,17.06
Poland,POL,2011,17.9
Poland,POL,2012,17.52
Poland,POL,2013,17.29
Poland,POL,2014,17.39
Poland,POL,2015,17.39
Poland,POL,2016,16.86
Poland,POL,2017,14.38
Poland,POL,2018,13.15
Poland,POL,2019,13.15
Poland,POL,2020,12.11
Poland,POL,2021,12.11
Republic of Moldova,MDA,2010,14.8
Republic of Moldova,MDA,2011,13.56
Republic of Moldova,MDA,2012,12.31
Republic of Moldova,MDA,2013,11.8
Republic of Moldova,MDA,2014,10.44
Republic of Moldova,MDA,2015,10.44
Republic of Moldova,MDA,2016,10.44
Republic of Moldova,MDA,2017,10.44
Republic of Moldova,MDA,2018,10.44
Republic of Moldova,MDA,2019,10.44
Republic of Moldova,MDA,2020,10.44
Republic of Moldova,MDA,2021,10.44
Romania,ROU,2010,22.25
Romania,ROU,2011,17.35
Romania,ROU,2012,17.13
Romania,ROU,2013,16.16
Romania,ROU,2014,18.66
Romania,ROU,2015,18.66
Romania,ROU,2016,19.01
Romania,ROU,2017,20.74
Romania,ROU,2018,22.52
Romania,ROU,2019,22.52
Romania,ROU,2020,20.9
Romania,ROU,2021,20.9
Russian Federation,RUS,2010,19.16
Russian Federation,RUS,2011,20.83
Russian Federation,RUS,2012,20.83
Russian Federation,RUS,2013,19.44
Russian Federation,RUS,2014,19.14
Russian Federation,RUS,2015,18.67
Russian Federation,RUS,2016,18.66
Russian Federation,RUS,2017,17.93
Russian Federation,RUS,2018,17.64
Russian Federation,RUS,2019,17.64
Russian Federation,RUS,2020,17.64
Russian Federation,RUS,2021,17.64
Slovakia,SVK,2010,11.32
Slovakia,SVK,2011,11.46
Slovakia,SVK,2012,11.31
Slovakia,SVK,2013,11.16
Slovakia,SVK,2014,13.25
Slovakia,SVK,2015,13.25
Slovakia,SVK,2016,12.32
Slovakia,SVK,2017,11.33
Slovakia,SVK,2018,11.33
Slovakia,SVK,2019,11.33
Slovakia,SVK,2020,9.07
Slovakia,SVK,2021,9.07
Ukraine,UKR,2010,9.02
Ukraine,UKR,2011,8.85
Ukraine,UKR,2012,8.96
Ukraine,UKR,2013,8.88
Ukraine,UKR,2014,8.52
Ukraine,UKR,2015,8.52
Ukraine,UKR,2016,8.52
Ukraine,UKR,2017,8.52
Ukraine,UKR,2018,8.52
Ukraine,UKR,2019,8.52
Ukraine,UKR,2020,8.52
Ukraine,UKR,2021,8.52
Aland Islands,ALA,2010,
Aland Islands,ALA,2011,
Aland Islands,ALA,2012,
Aland Islands,ALA,2013,
Aland Islands,ALA,2014,
Aland Islands,ALA,2015,
Aland Islands,ALA,2016,
Aland Islands,ALA,2017,
Aland Islands,ALA,2018,
Aland Islands,ALA,2019,
Aland Islands,ALA,2020,
Aland Islands,ALA,2021,
Guernsey,GGY,2010,
Guernsey,GGY,2011,
Guernsey,GGY,2012,
Guernsey,GGY,2013,
Guernsey,GGY,2014,
Guernsey,GGY,2015,
Guernsey,GGY,2016,
Guernsey,GGY,2017,
Guernsey,GGY,2018,
Guernsey,GGY,2019,
Guernsey,GGY,2020,
Guernsey,GGY,2021,
Jersey,JEY,2010,
Jersey,JEY,2011,
Jersey,JEY,2012,
Jersey,JEY,2013,
Jersey,JEY,2014,
Jersey,JEY,2015,
Jersey,JEY,2016,
Jersey,JEY,2017,
Jersey,JEY,2018,
Jersey,JEY,2019,
Jersey,JEY,2020,
Jersey,JEY,2021,
Denmark,DNK,2010,10.96
Denmark,DNK,2011,13.32
Denmark,DNK,2012,14.4
Denmark,DNK,2013,12.8
Denmark,DNK,2014,13.46
Denmark,DNK,2015,12.26
Denmark,DNK,2016,11.48
Denmark,DNK,2017,11.39
Denmark,DNK,2018,10.89
Denmark,DNK,2019,10.89
Denmark,DNK,2020,10.05
Denmark,DNK,2021,10.05
Estonia,EST,2010,17.72
Estonia,EST,2011,17.37
Estonia,EST,2012,18.59
Estonia,EST,2013,18.63
Estonia,EST,2014,20.99
Estonia,EST,2015,20.99
Estonia,EST,2016,18.73
Estonia,EST,2017,15.46
Estonia,EST,2018,14.35
Estonia,EST,2019,14.35
Estonia,EST,2020,14.99
Estonia,EST,2021,14.99
Faroe Islands,FRO,2010,
Faroe Islands,FRO,2011,
Faroe Islands,FRO,2012,
Faroe Islands,FRO,2013,
Faroe Islands,FRO,2014,
Faroe Islands,FRO,2015,
Faroe Islands,FRO,2016,
Faroe Islands,FRO,2017,
Faroe Islands,FRO,2018,
Faroe Islands,FRO,2019,
Faroe Islands,FRO,2020,
Faroe Islands,FRO,2021,
Finland,FIN,2010,11.31
Finland,FIN,2011,10.78
Finland,FIN,2012,10.78
Finland,FIN,2013,10.57
Finland,FIN,2014,10.39
Finland,FIN,2015,10.02
Finland,FIN,2016,10.51
Finland,FIN,2017,10.44
Finland,FIN,2018,10.34
Finland,FIN,2019,10.34
Finland,FIN,2020,10.48
Finland,FIN,2021,10.48
Iceland,ISL,2010,13.23
Iceland,ISL,2011,11.62
Iceland,ISL,2012,12.22
Iceland,ISL,2013,11.15
Iceland,ISL,2014,10.17
Iceland,ISL,2015,11.67
Iceland,ISL,2016,9.81
Iceland,ISL,2017,9.81
Iceland,ISL,2018,9.51
Iceland,ISL,2019,9.51
Iceland,ISL,2020,9.51
Iceland,ISL,2021,9.51
Ireland,IRL,2010,13.79
Ireland,IRL,2011,13.79
Ireland,IRL,2012,13.79
Ireland,IRL,2013,16.32
Ireland,IRL,2014,18.12
Ireland,IRL,2015,18.12
Ireland,IRL,2016,18.12
Ireland,IRL,2017,14.71
Ireland,IRL,2018,14.71
Ireland,IRL,2019,14.71
Ireland,IRL,2020,12.26
Ireland,IRL,2021,12.26
Isle of Man,IMN,2010,
Isle of Man,IMN,2011,
Isle of Man,IMN,2012,
Isle of Man,IMN,2013,
Isle of Man,IMN,2014,
Isle of Man,IMN,2015,
Isle of Man,IMN,2016,
Isle of Man,IMN,2017,
Isle of Man,IMN,2018,
Isle of Man,IMN,2019,
Isle of Man,IMN,2020,
Isle of Man,IMN,2021,
Latvia,LVA,2010,20.94
Latvia,LVA,2011,19.81
Latvia,LVA,2012,20.52
Latvia,LVA,2013,20.21
Latvia,LVA,2014,20.39
Latvia,LVA,2015,20.29
Latvia,LVA,2016,20.29
Latvia,LVA,2017,18.53
Latvia,LVA,2018,19.33
Latvia,LVA,2019,19.33
Latvia,LVA,2020,17.45
Latvia,LVA,2021,17.45
Lithuania,LTU,2010,20.1
Lithuania,LTU,2011,18.55
Lithuania,LTU,2012,17.49
Lithuania,LTU,2013,19.61
Lithuania,LTU,2014,19.73
Lithuania,LTU,2015,19.73
Lithuania,LTU,2016,23.67
Lithuania,LTU,2017,21.8
Lithuania,LTU,2018,20.12
Lithuania,LTU,2019,20.12
Lithuania,LTU,2020,17.05
Lithuania,LTU,2021,17.05
Norway,NOR,2010,12.81
Norway,NOR,2011,10.66
Norway,NOR,2012,10.23
Norway,NOR,2013,10.35
Norway,NOR,2014,11.1
Norway,NOR,2015,10.98
Norway,NOR,2016,11.83
Norway,NOR,2017,12.73
Norway,NOR,2018,11.54
Norway,NOR,2019,11.54
Norway,NOR,2020,11.43
Norway,NOR,2021,11.43
Svalbard and Jan Mayen Islands,SJM,2010,
Svalbard and Jan Mayen Islands,SJM,2011,
Svalbard and Jan Mayen Islands,SJM,2012,
Svalbard and Jan Mayen Islands,SJM,2013,
Svalbard and Jan Mayen Islands,SJM,2014,
Svalbard and Jan Mayen Islands,SJM,2015,
Svalbard and Jan Mayen Islands,SJM,2016,
Svalbard and Jan Mayen Islands,SJM,2017,
Svalbard and Jan Mayen Islands,SJM,2018,
Svalbard and Jan Mayen Islands,SJM,2019,
Svalbard and Jan Mayen Islands,SJM,2020,
Svalbard and Jan Mayen Islands,SJM,2021,
Sweden,SWE,2010,11.23
Sweden,SWE,2011,12.39
Sweden,SWE,2012,13.06
Sweden,SWE,2013,12.72
Sweden,SWE,2014,13.78
Sweden,SWE,2015,13.78
Sweden,SWE,2016,13.54
Sweden,SWE,2017,13.01
Sweden,SWE,2018,12.58
Sweden,SWE,2019,12.58
Sweden,SWE,2020,12.77
Sweden,SWE,2021,12.77
United Kingdom of Great Britain and Northern Ireland,GBR,2010,16.93
United Kingdom of Great Britain and Northern Ireland,GBR,2011,18.77
United Kingdom of Great Britain and Northern Ireland,GBR,2012,17.81
United Kingdom of Great Britain and Northern Ireland,GBR,2013,16.2
United Kingdom of Great Britain and Northern Ireland,GBR,2014,16.33
United Kingdom of Great Britain and Northern Ireland,GBR,2015,16.33
United Kingdom of Great Britain and Northern Ireland,GBR,2016,17.1
United Kingdom of Great Britain and Northern Ireland,GBR,2017,16.75
United Kingdom of Great Britain and Northern Ireland,GBR,2018,17.97
United Kingdom of Great Britain and Northern Ireland,GBR,2019,17.97
United Kingdom of Great Britain and Northern Ireland,GBR,2020,17.97
United Kingdom of Great Britain and Northern Ireland,GBR,2021,17.97
Albania,ALB,2010,18.33
Albania,ALB,2011,18.33
Albania,ALB,2012,12.24
Albania,ALB,2013,12.24
Albania,ALB,2014,12.24
Albania,ALB,2015,12.24
Albania,ALB,2016,12.24
Albania,ALB,2017,12.24
Albania,ALB,2018,13.18
Albania,ALB,2019,13.18
Albania,ALB,2020,13.18
Albania,ALB,2021,13.18
Andorra,AND,2010,
Andorra,AND,2011,
Andorra,AND,2012,
Andorra,AND,2013,
Andorra,AND,2014,
Andorra,AND,2015,
Andorra,AND,2016,
Andorra,AND,2017,
Andorra,AND,2018,
Andorra,AND,2019,
Andorra,AND,2020,
Andorra,AND,2021,
Bosnia and Herzegovina,BIH,2010,
Bosnia and Herzegovina,BIH,2011,16.7
Bosnia and Herzegovina,BIH,2012,20.16
Bosnia and Herzegovina,BIH,2013,20.16
Bosnia and Herzegovina,BIH,2014,20.16
Bosnia and Herzegovina,BIH,2015,20.16
Bosnia and Herzegovina,BIH,2016,20.16
Bosnia and Herzegovina,BIH,2017,20.16
Bosnia and Herzegovina,BIH,2018,20.16
Bosnia and Herzegovina,BIH,2019,20.16
Bosnia and Herzegovina,BIH,2020,20.16
Bosnia and Herzegovina,BIH,2021,20.16
Croatia,HRV,2010,
Croatia,HRV,2011,17.56
Croatia,HRV,2012,17.24
Croatia,HRV,2013,17.61
Croatia,HRV,2014,17.37
Croatia,HRV,2015,17.37
Croatia,HRV,2016,16.88
Croatia,HRV,2017,15.19
Croatia,HRV,2018,14.37
Croatia,HRV,2019,14.37
Croatia,HRV,2020,12.95
Croatia,HRV,2021,12.95
Gibraltar,GIB,2010,
Gibraltar,GIB,2011,
Gibraltar,GIB,2012,
Gibraltar,GIB,2013,
Gibraltar,GIB,2014,
Gibraltar,GIB,2015,
Gibraltar,GIB,2016,
Gibraltar,GIB,2017,
Gibraltar,GIB,2018,
Gibraltar,GIB,2019,
Gibraltar,GIB,2020,
Gibraltar,GIB,2021,
Greece,GRC,2010,18.07
Greece,GRC,2011,18.07
Greece,GRC,2012,20.64
Greece,GRC,2013,21.08
Greece,GRC,2014,20.69
Greece,GRC,2015,20.8
Greece,GRC,2016,21.04
Greece,GRC,2017,19.48
Greece,GRC,2018,17.45
Greece,GRC,2019,17.45
Greece,GRC,2020,16.64
Greece,GRC,2021,16.64
Holy See,VAT,2010,
Holy See,VAT,2011,
Holy See,VAT,2012,
Holy See,VAT,2013,
Holy See,VAT,2014,
Holy See,VAT,2015,
Holy See,VAT,2016,
Holy See,VAT,2017,
Holy See,VAT,2018,
Holy See,VAT,2019,
Holy See,VAT,2020,
Holy See,VAT,2021,
Italy,ITA,2010,18.09
Italy,ITA,2011,19.82
Italy,ITA,2012,19.85
Italy,ITA,2013,20.59
Italy,ITA,2014,21.26
Italy,ITA,2015,21.26
Italy,ITA,2016,21.26
Italy,ITA,2017,21.34
Italy,ITA,2018,21.18
Italy,ITA,2019,20.87
Italy,ITA,2020,20.87
Italy,ITA,2021,20.87
Malta,MLT,2010,13.61
Malta,MLT,2011,14.07
Malta,MLT,2012,13.34
Malta,MLT,2013,13.61
Malta,MLT,2014,12.92
Malta,MLT,2015,12.92
Malta,MLT,2016,12.92
Malta,MLT,2017,12.47
Malta,MLT,2018,12.59
Malta,MLT,2019,12.59
Malta,MLT,2020,13.86
Malta,MLT,2021,13.86
Montenegro,MNE,2010,12.56
Montenegro,MNE,2011,
Montenegro,MNE,2012,
Montenegro,MNE,2013,13.61
Montenegro,MNE,2014,13.61
Montenegro,MNE,2015,13.61
Montenegro,MNE,2016,13.61
Montenegro,MNE,2017,13.61
Montenegro,MNE,2018,16.92
Montenegro,MNE,2019,16.92
Montenegro,MNE,2020,16.92
Montenegro,MNE,2021,16.92
North Macedonia,MKD,2010,
North Macedonia,MKD,2011,30.07
North Macedonia,MKD,2012,30.07
North Macedonia,MKD,2013,30.07
North Macedonia,MKD,2014,30.07
North Macedonia,MKD,2015,30.07
North Macedonia,MKD,2016,30.07
North Macedonia,MKD,2017,
North Macedonia,MKD,2018,19.16
North Macedonia,MKD,2019,19.16
North Macedonia,MKD,2020,19.16
North Macedonia,MKD,2021,19.16
Portugal,PRT,2010,20.82
Portugal,PRT,2011,19.91
Portugal,PRT,2012,20.35
Portugal,PRT,2013,20.38
Portugal,PRT,2014,20.56
Portugal,PRT,2015,20.3
Portugal,PRT,2016,20.22
Portugal,PRT,2017,18.06
Portugal,PRT,2018,16.51
Portugal,PRT,2019,16.51
Portugal,PRT,2020,15.46
Portugal,PRT,2021,15.46
San Marino,SMR,2010,
San Marino,SMR,2011,
San Marino,SMR,2012,
San Marino,SMR,2013,
San Marino,SMR,2014,
San Marino,SMR,2015,
San Marino,SMR,2016,
San Marino,SMR,2017,
San Marino,SMR,2018,
San Marino,SMR,2019,
San Marino,SMR,2020,
San Marino,SMR,2021,
Serbia,SRB,2010,
Serbia,SRB,2011,
Serbia,SRB,2012,
Serbia,SRB,2013,23.68
Serbia,SRB,2014,24.36
Serbia,SRB,2015,23.37
Serbia,SRB,2016,23.19
Serbia,SRB,2017,28.08
Serbia,SRB,2018,23.66
Serbia,SRB,2019,23.66
Serbia,SRB,2020,18.5
Serbia,SRB,2021,18.5
Slovenia,SVN,2010,9.9
Slovenia,SVN,2011,10.62
Slovenia,SVN,2012,10.99
Slovenia,SVN,2013,11.33
Slovenia,SVN,2014,11.81
Slovenia,SVN,2015,11.18
Slovenia,SVN,2016,10.96
Slovenia,SVN,2017,9.13
Slovenia,SVN,2018,8.59
Slovenia,SVN,2019,8.59
Slovenia,SVN,2020,8.31
Slovenia,SVN,2021,8.31
Spain,ESP,2010,19.75
Spain,ESP,2011,22.14
Spain,ESP,2012,23.91
Spain,ESP,2013,21.27
Spain,ESP,2014,22.85
Spain,ESP,2015,22.55
Spain,ESP,2016,22.15
Spain,ESP,2017,21.87
Spain,ESP,2018,19.11
Spain,ESP,2019,19.11
Spain,ESP,2020,19.31
Spain,ESP,2021,19.31
Austria,AUT,2010,12.7
Austria,AUT,2011,13.84
Austria,AUT,2012,15.5
Austria,AUT,2013,15.5
Austria,AUT,2014,14.16
Austria,AUT,2015,13.62
Austria,AUT,2016,14.78
Austria,AUT,2017,15.9
Austria,AUT,2018,13.39
Austria,AUT,2019,13.39
Austria,AUT,2020,14.93
Austria,AUT,2021,14.93
Belgium,BEL,2010,11.93
Belgium,BEL,2011,12.3
Belgium,BEL,2012,12.3
Belgium,BEL,2013,11.92
Belgium,BEL,2014,12.25
Belgium,BEL,2015,12.25
Belgium,BEL,2016,12.04
Belgium,BEL,2017,11.39
Belgium,BEL,2018,11
Belgium,BEL,2019,11
Belgium,BEL,2020,10.3
Belgium,BEL,2021,10.3
France,FRA,2010,13.25
France,FRA,2011,14.17
France,FRA,2012,13.95
France,FRA,2013,13.46
France,FRA,2014,13.65
France,FRA,2015,13.65
France,FRA,2016,13.58
France,FRA,2017,14.37
France,FRA,2018,13.37
France,FRA,2019,13.37
France,FRA,2020,13.92
France,FRA,2021,13.92
Germany,DEU,2010,14.55
Germany,DEU,2011,14.81
Germany,DEU,2012,14.05
Germany,DEU,2013,14.75
Germany,DEU,2014,17.46
Germany,DEU,2015,17.46
Germany,DEU,2016,15.74
Germany,DEU,2017,15.74
Germany,DEU,2018,15.74
Germany,DEU,2019,12.46
Germany,DEU,2020,12.46
Germany,DEU,2021,12.46
Liechtenstein,LIE,2010,
Liechtenstein,LIE,2011,
Liechtenstein,LIE,2012,
Liechtenstein,LIE,2013,
Liechtenstein,LIE,2014,
Liechtenstein,LIE,2015,
Liechtenstein,LIE,2016,
Liechtenstein,LIE,2017,
Liechtenstein,LIE,2018,
Liechtenstein,LIE,2019,
Liechtenstein,LIE,2020,
Liechtenstein,LIE,2021,
Luxembourg,LUX,2010,11.55
Luxembourg,LUX,2011,13.12
Luxembourg,LUX,2012,13.89
Luxembourg,LUX,2013,15.05
Luxembourg,LUX,2014,14.95
Luxembourg,LUX,2015,14.95
Luxembourg,LUX,2016,14.95
Luxembourg,LUX,2017,16.64
Luxembourg,LUX,2018,18.69
Luxembourg,LUX,2019,18.69
Luxembourg,LUX,2020,16.65
Luxembourg,LUX,2021,16.65
Monaco,MCO,2010,
Monaco,MCO,2011,
Monaco,MCO,2012,
Monaco,MCO,2013,
Monaco,MCO,2014,
Monaco,MCO,2015,
Monaco,MCO,2016,
Monaco,MCO,2017,
Monaco,MCO,2018,
Monaco,MCO,2019,
Monaco,MCO,2020,
Monaco,MCO,2021,
Netherlands,NLD,2010,12.31
Netherlands,NLD,2011,11.84
Netherlands,NLD,2012,11.58
Netherlands,NLD,2013,11.92
Netherlands,NLD,2014,13.22
Netherlands,NLD,2015,12.66
Netherlands,NLD,2016,12.92
Netherlands,NLD,2017,12.06
Netherlands,NLD,2018,11.79
Netherlands,NLD,2019,11.79
Netherlands,NLD,2020,11.89
Netherlands,NLD,2021,11.89
Switzerland,CHE,2010,
Switzerland,CHE,2011,13.25
Switzerland,CHE,2012,12.32
Switzerland,CHE,2013,11.1
Switzerland,CHE,2014,12.2
Switzerland,CHE,2015,12.2
Switzerland,CHE,2016,14.48
Switzerland,CHE,2017,14.48
Switzerland,CHE,2018,14.78
Switzerland,CHE,2019,14.78
Switzerland,CHE,2020,15.58
Switzerland,CHE,2021,15.58
Australia,AUS,2010,17.7
Australia,AUS,2011,17.7
Australia,AUS,2012,17.7
Australia,AUS,2013,17.7
Australia,AUS,2014,17.3
Australia,AUS,2015,17.3
Australia,AUS,2016,17.13
Australia,AUS,2017,17.13
Australia,AUS,2018,17.13
Australia,AUS,2019,17.13
Australia,AUS,2020,17.13
Australia,AUS,2021,17.13
Christmas Island,CXR,2010,
Christmas Island,CXR,2011,
Christmas Island,CXR,2012,
Christmas Island,CXR,2013,
Christmas Island,CXR,2014,
Christmas Island,CXR,2015,
Christmas Island,CXR,2016,
Christmas Island,CXR,2017,
Christmas Island,CXR,2018,
Christmas Island,CXR,2019,
Christmas Island,CXR,2020,
Christmas Island,CXR,2021,
Cocos (Keeling) Islands,CCK,2010,
Cocos (Keeling) Islands,CCK,2011,
Cocos (Keeling) Islands,CCK,2012,
Cocos (Keeling) Islands,CCK,2013,
Cocos (Keeling) Islands,CCK,2014,
Cocos (Keeling) Islands,CCK,2015,
Cocos (Keeling) Islands,CCK,2016,
Cocos (Keeling) Islands,CCK,2017,
Cocos (Keeling) Islands,CCK,2018,
Cocos (Keeling) Islands,CCK,2019,
Cocos (Keeling) Islands,CCK,2020,
Cocos (Keeling) Islands,CCK,2021,
Heard Island and McDonald Islands,HMD,2010,
Heard Island and McDonald Islands,HMD,2011,
Heard Island and McDonald Islands,HMD,2012,
Heard Island and McDonald Islands,HMD,2013,
Heard Island and McDonald Islands,HMD,2014,
Heard Island and McDonald Islands,HMD,2015,
Heard Island and McDonald Islands,HMD,2016,
Heard Island and McDonald Islands,HMD,2017,
Heard Island and McDonald Islands,HMD,2018,
Heard Island and McDonald Islands,HMD,2019,
Heard Island and McDonald Islands,HMD,2020,
Heard Island and McDonald Islands,HMD,2021,
New Zealand,NZL,2010,
New Zealand,NZL,2011,17.89
New Zealand,NZL,2012,17.89
New Zealand,NZL,2013,15.56
New Zealand,NZL,2014,16.45
New Zealand,NZL,2015,16.45
New Zealand,NZL,2016,16.45
New Zealand,NZL,2017,16.45
New Zealand,NZL,2018,16.45
New Zealand,NZL,2019,16.45
New Zealand,NZL,2020,16.45
New Zealand,NZL,2021,16.45
Norfolk Island,NFK,2010,
Norfolk Island,NFK,2011,
Norfolk Island,NFK,2012,
Norfolk Island,NFK,2013,
Norfolk Island,NFK,2014,
Norfolk Island,NFK,2015,
Norfolk Island,NFK,2016,
Norfolk Island,NFK,2017,
Norfolk Island,NFK,2018,
Norfolk Island,NFK,2019,
Norfolk Island,NFK,2020,
Norfolk Island,NFK,2021,
Fiji,FJI,2010,22.6
Fiji,FJI,2011,22.6
Fiji,FJI,2012,22.6
Fiji,FJI,2013,22.6
Fiji,FJI,2014,
Fiji,FJI,2015,
Fiji,FJI,2016,
Fiji,FJI,2017,
Fiji,FJI,2018,
Fiji,FJI,2019,
Fiji,FJI,2020,
Fiji,FJI,2021,
New Caledonia,NCL,2010,
New Caledonia,NCL,2011,
New Caledonia,NCL,2012,
New Caledonia,NCL,2013,
New Caledonia,NCL,2014,
New Caledonia,NCL,2015,
New Caledonia,NCL,2016,
New Caledonia,NCL,2017,
New Caledonia,NCL,2018,
New Caledonia,NCL,2019,
New Caledonia,NCL,2020,
New Caledonia,NCL,2021,
Papua New Guinea,PNG,2010,
Papua New Guinea,PNG,2011,
Papua New Guinea,PNG,2012,
Papua New Guinea,PNG,2013,
Papua New Guinea,PNG,2014,
Papua New Guinea,PNG,2015,
Papua New Guinea,PNG,2016,28.9
Papua New Guinea,PNG,2017,28.9
Papua New Guinea,PNG,2018,28.9
Papua New Guinea,PNG,2019,28.9
Papua New Guinea,PNG,2020,28.9
Papua New Guinea,PNG,2021,28.9
Solomon Islands,SLB,2010,26.32
Solomon Islands,SLB,2011,
Solomon Islands,SLB,2012,
Solomon Islands,SLB,2013,
Solomon Islands,SLB,2014,
Solomon Islands,SLB,2015,
Solomon Islands,SLB,2016,
Solomon Islands,SLB,2017,
Solomon Islands,SLB,2018,
Solomon Islands,SLB,2019,
Solomon Islands,SLB,2020,
Solomon Islands,SLB,2021,
Vanuatu,VUT,2010,19.68
Vanuatu,VUT,2011,19.68
Vanuatu,VUT,2012,19.68
Vanuatu,VUT,2013,19.68
Vanuatu,VUT,2014,19.68
Vanuatu,VUT,2015,19.68
Vanuatu,VUT,2016,19.68
Vanuatu,VUT,2017,19.68
Vanuatu,VUT,2018,19.68
Vanuatu,VUT,2019,19.68
Vanuatu,VUT,2020,19.68
Vanuatu,VUT,2021,19.68
Guam,GUM,2010,
Guam,GUM,2011,
Guam,GUM,2012,
Guam,GUM,2013,
Guam,GUM,2014,
Guam,GUM,2015,
Guam,GUM,2016,
Guam,GUM,2017,
Guam,GUM,2018,
Guam,GUM,2019,
Guam,GUM,2020,
Guam,GUM,2021,
Kiribati,KIR,2010,
Kiribati,KIR,2011,
Kiribati,KIR,2012,
Kiribati,KIR,2013,
Kiribati,KIR,2014,
Kiribati,KIR,2015,
Kiribati,KIR,2016,
Kiribati,KIR,2017,
Kiribati,KIR,2018,19.36
Kiribati,KIR,2019,19.36
Kiribati,KIR,2020,19.36
Kiribati,KIR,2021,19.36
Marshall Islands,MHL,2010,
Marshall Islands,MHL,2011,
Marshall Islands,MHL,2012,
Marshall Islands,MHL,2013,
Marshall Islands,MHL,2014,
Marshall Islands,MHL,2015,
Marshall Islands,MHL,2016,
Marshall Islands,MHL,2017,
Marshall Islands,MHL,2018,
Marshall Islands,MHL,2019,
Marshall Islands,MHL,2020,
Marshall Islands,MHL,2021,
Micronesia (Federated States of),FSM,2010,
Micronesia (Federated States of),FSM,2011,
Micronesia (Federated States of),FSM,2012,
Micronesia (Federated States of),FSM,2013,26.38
Micronesia (Federated States of),FSM,2014,26.38
Micronesia (Federated States of),FSM,2015,26.38
Micronesia (Federated States of),FSM,2016,26.38
Micronesia (Federated States of),FSM,2017,26.38
Micronesia (Federated States of),FSM,2018,26.38
Micronesia (Federated States of),FSM,2019,26.38
Micronesia (Federated States of),FSM,2020,26.38
Micronesia (Federated States of),FSM,2021,26.38
Nauru,NRU,2010,
Nauru,NRU,2011,
Nauru,NRU,2012,
Nauru,NRU,2013,
Nauru,NRU,2014,
Nauru,NRU,2015,
Nauru,NRU,2016,
Nauru,NRU,2017,
Nauru,NRU,2018,
Nauru,NRU,2019,
Nauru,NRU,2020,
Nauru,NRU,2021,
Northern Mariana Islands,MNP,2010,
Northern Mariana Islands,MNP,2011,
Northern Mariana Islands,MNP,2012,
Northern Mariana Islands,MNP,2013,
Northern Mariana Islands,MNP,2014,
Northern Mariana Islands,MNP,2015,
Northern Mariana Islands,MNP,2016,
Northern Mariana Islands,MNP,2017,
Northern Mariana Islands,MNP,2018,
Northern Mariana Islands,MNP,2019,
Northern Mariana Islands,MNP,2020,
Northern Mariana Islands,MNP,2021,
Palau,PLW,2010,23.04
Palau,PLW,2011,23.04
Palau,PLW,2012,
Palau,PLW,2013,
Palau,PLW,2014,
Palau,PLW,2015,
Palau,PLW,2016,
Palau,PLW,2017,
Palau,PLW,2018,
Palau,PLW,2019,
Palau,PLW,2020,
Palau,PLW,2021,
United States Minor Outlying Islands,UMI,2010,
United States Minor Outlying Islands,UMI,2011,
United States Minor Outlying Islands,UMI,2012,
United States Minor Outlying Islands,UMI,2013,
United States Minor Outlying Islands,UMI,2014,
United States Minor Outlying Islands,UMI,2015,
United States Minor Outlying Islands,UMI,2016,
United States Minor Outlying Islands,UMI,2017,
United States Minor Outlying Islands,UMI,2018,
United States Minor Outlying Islands,UMI,2019,
United States Minor Outlying Islands,UMI,2020,
United States Minor Outlying Islands,UMI,2021,
American Samoa,ASM,2010,
American Samoa,ASM,2011,
American Samoa,ASM,2012,
American Samoa,ASM,2013,
American Samoa,ASM,2014,
American Samoa,ASM,2015,
American Samoa,ASM,2016,
American Samoa,ASM,2017,
American Samoa,ASM,2018,
American Samoa,ASM,2019,
American Samoa,ASM,2020,
American Samoa,ASM,2021,
Cook Islands,COK,2010,
Cook Islands,COK,2011,
Cook Islands,COK,2012,
Cook Islands,COK,2013,
Cook Islands,COK,2014,
Cook Islands,COK,2015,
Cook Islands,COK,2016,
Cook Islands,COK,2017,
Cook Islands,COK,2018,
Cook Islands,COK,2019,
Cook Islands,COK,2020,
Cook Islands,COK,2021,
French Polynesia,PYF,2010,
French Polynesia,PYF,2011,
French Polynesia,PYF,2012,
French Polynesia,PYF,2013,
French Polynesia,PYF,2014,
French Polynesia,PYF,2015,
French Polynesia,PYF,2016,
French Polynesia,PYF,2017,
French Polynesia,PYF,2018,
French Polynesia,PYF,2019,
French Polynesia,PYF,2020,
French Polynesia,PYF,2021,
Niue,NIU,2010,
Niue,NIU,2011,
Niue,NIU,2012,
Niue,NIU,2013,
Niue,NIU,2014,
Niue,NIU,2015,
Niue,NIU,2016,
Niue,NIU,2017,
Niue,NIU,2018,
Niue,NIU,2019,
Niue,NIU,2020,
Niue,NIU,2021,
Pitcairn,PCN,2010,
Pitcairn,PCN,2011,
Pitcairn,PCN,2012,
Pitcairn,PCN,2013,
Pitcairn,PCN,2014,
Pitcairn,PCN,2015,
Pitcairn,PCN,2016,
Pitcairn,PCN,2017,
Pitcairn,PCN,2018,
Pitcairn,PCN,2019,
Pitcairn,PCN,2020,
Pitcairn,PCN,2021,
Samoa,WSM,2010,
Samoa,WSM,2011,
Samoa,WSM,2012,
Samoa,WSM,2013,
Samoa,WSM,2014,
Samoa,WSM,2015,
Samoa,WSM,2016,
Samoa,WSM,2017,
Samoa,WSM,2018,
Samoa,WSM,2019,
Samoa,WSM,2020,21.87
Samoa,WSM,2021,21.87
Tokelau,TKL,2010,
Tokelau,TKL,2011,
Tokelau,TKL,2012,
Tokelau,TKL,2013,
Tokelau,TKL,2014,
Tokelau,TKL,2015,
Tokelau,TKL,2016,
Tokelau,TKL,2017,
Tokelau,TKL,2018,
Tokelau,TKL,2019,
Tokelau,TKL,2020,
Tokelau,TKL,2021,
Tonga,TON,2010,
Tonga,TON,2011,
Tonga,TON,2012,
Tonga,TON,2013,
Tonga,TON,2014,
Tonga,TON,2015,
Tonga,TON,2016,
Tonga,TON,2017,
Tonga,TON,2018,
Tonga,TON,2019,18.24
Tonga,TON,2020,18.24
Tonga,TON,2021,18.24
Tuvalu,TUV,2010,23.36
Tuvalu,TUV,2011,23.36
Tuvalu,TUV,2012,23.36
Tuvalu,TUV,2013,23.36
Tuvalu,TUV,2014,23.36
Tuvalu,TUV,2015,23.36
Tuvalu,TUV,2016,
Tuvalu,TUV,2017,
Tuvalu,TUV,2018,
Tuvalu,TUV,2019,
Tuvalu,TUV,2020,22.95
Tuvalu,TUV,2021,22.95
Wallis and Futuna Islands,WLF,2010,
Wallis and Futuna Islands,WLF,2011,
Wallis and Futuna Islands,WLF,2012,
Wallis and Futuna Islands,WLF,2013,
Wallis and Futuna Islands,WLF,2014,
Wallis and Futuna Islands,WLF,2015,
Wallis and Futuna Islands,WLF,2016,
Wallis and Futuna Islands,WLF,2017,
Wallis and Futuna Islands,WLF,2018,
Wallis and Futuna Islands,WLF,2019,
Wallis and Futuna Islands,WLF,2020,
Wallis and Futuna Islands,WLF,2021,
Kosovo (as per UNSCR 1244),XKX,2010,
Kosovo (as per UNSCR 1244),XKX,2011,
Kosovo (as per UNSCR 1244),XKX,2012,
Kosovo (as per UNSCR 1244),XKX,2013,
Kosovo (as per UNSCR 1244),XKX,2014,
Kosovo (as per UNSCR 1244),XKX,2015,
Kosovo (as per UNSCR 1244),XKX,2016,
Kosovo (as per UNSCR 1244),XKX,2017,
Kosovo (as per UNSCR 1244),XKX,2018,
Kosovo (as per UNSCR 1244),XKX,2019,
Kosovo (as per UNSCR 1244),XKX,2020,
Kosovo (as per UNSCR 1244),XKX,2021,